season,top_pct,feature,value,all_value
2022,1,target,0.0,0.5289204435249241
2022,1,prediction,0.7409980413955727,0.5250737230967842
2022,1,pitcher_history,1386.8864646464647,3194.707235566044
2022,1,batter_history,1006.4177777777778,3827.086636063878
2022,1,inning,4.951515151515151,4.98974833516519
2022,1,cold_pitcher,0.0,0.00035559578457360834
2022,1,cold_batter,0.0016161616161616162,0.00035559578457360834
2022,1,cur_p_succ,0.6541013055021245,0.5192331363323262
2022,1,cur_b_succ,0.6790205608817035,0.5230852682957979
2022,5,target,0.1815096169387425,0.5289204435249241
2022,5,prediction,0.6356275677782212,0.5250737230967842
2022,5,pitcher_history,1763.0546306772264,3194.707235566044
2022,5,batter_history,2187.9703410376596,3827.086636063878
2022,5,inning,4.853725553580087,4.98974833516519
2022,5,cold_pitcher,0.0013738483917892356,0.00035559578457360834
2022,5,cold_batter,0.0012930337805075157,0.00035559578457360834
2022,5,cur_p_succ,0.5708613436267398,0.5192331363323262
2022,5,cur_b_succ,0.603993017186268,0.5230852682957979
2022,10,target,0.3031760142233716,0.5289204435249241
2022,10,prediction,0.5729155376013501,0.5250737230967842
2022,10,pitcher_history,2476.6908841118475,3194.707235566044
2022,10,batter_history,3226.106917730726,3827.086636063878
2022,10,inning,4.935509940197187,4.98974833516519
2022,10,cold_pitcher,0.0006869241958946178,0.00035559578457360834
2022,10,cold_batter,0.0008081461128171974,0.00035559578457360834
2022,10,cur_p_succ,0.5421581290383634,0.5192331363323262
2022,10,cur_b_succ,0.5560748602055141,0.5230852682957979
2022,20,target,0.4002020406101626,0.5289204435249241
2022,20,prediction,0.5366708731341574,0.5250737230967842
2022,20,pitcher_history,2842.8785735932925,3194.707235566044
2022,20,batter_history,3646.764056975452,3827.086636063878
2022,20,inning,4.9867461359733305,4.98974833516519
2022,20,cold_pitcher,0.00038387715930902113,0.00035559578457360834
2022,20,cold_batter,0.0004444893423578139,0.00035559578457360834
2022,20,cur_p_succ,0.5226463262404114,0.5192331363323262
2022,20,cur_b_succ,0.5317144564807377,0.5230852682957979
2022,0,pitcher_cold,0.24624174814469993,0.24313201729617934
2022,0,pitcher_low_lt100,0.23632014407914784,0.24313201729617934
2022,0,batter_cold,0.21162193858701148,0.24313201729617934
2022,0,batter_low_lt100,0.22197930209696468,0.24313201729617934
2022,0,game_F,0.20641711337104868,0.24313201729617934
2022,0,same_hand,0.2433853786055393,0.24313201729617934
2022,0,late_inning,0.2429369007808935,0.24313201729617934
2023,1,target,0.0,0.49995723449750534
2023,1,prediction,0.7120742572970274,0.5106073131883817
2023,1,pitcher_history,2011.9714983713354,3880.774377354648
2023,1,batter_history,931.7084690553746,4619.956802769575
2023,1,inning,5.162052117263844,4.997584767335302
2023,1,cold_pitcher,0.0,0.0002565930149679259
2023,1,cold_batter,0.004071661237785016,0.00028917625496385297
2023,1,cur_p_succ,0.531728084522635,0.4968077071733461
2023,1,cur_b_succ,0.5296627569803369,0.4954030276337132
2023,5,target,0.03926040563655616,0.49995723449750534
2023,5,prediction,0.6622318258738434,0.5106073131883817
2023,5,pitcher_history,1803.4554044147594,3880.774377354648
2023,5,batter_history,1410.859900627189,4619.956802769575
2023,5,inning,4.819418424696587,4.997584767335302
2023,5,cold_pitcher,0.001547609350818604,0.0002565930149679259
2023,5,cold_batter,0.0018734218457277837,0.00028917625496385297
2023,5,cur_p_succ,0.47916368660092395,0.4968077071733461
2023,5,cur_b_succ,0.49850231127013145,0.4954030276337132
2023,10,target,0.2952388710137254,0.49995723449750534
2023,10,prediction,0.5783353210557676,0.5106073131883817
2023,10,pitcher_history,2920.223435018124,3880.774377354648
2023,10,batter_history,3062.504256099051,4619.956802769575
2023,10,inning,4.873009408218955,4.997584767335302
2023,10,cold_pitcher,0.0008145644116808536,0.0002565930149679259
2023,10,cold_batter,0.0010182055146010672,0.00028917625496385297
2023,10,cur_p_succ,0.476310456565674,0.4968077071733461
2023,10,cur_b_succ,0.49546222480515384,0.4954030276337132
2023,20,target,0.4628245596171469,0.49995723449750534
2023,20,prediction,0.5324345702608543,0.5106073131883817
2023,20,pitcher_history,3427.5297016597087,3880.774377354648
2023,20,batter_history,4092.8910294267384,4619.956802769575
2023,20,inning,4.973872314428266,4.997584767335302
2023,20,cold_pitcher,0.000468384074941452,0.0002565930149679259
2023,20,cold_batter,0.0005294776499338153,0.00028917625496385297
2023,20,cur_p_succ,0.48604687378972455,0.4968077071733461
2023,20,cur_b_succ,0.49567137154609225,0.4954030276337132
2023,0,pitcher_cold,0.27337499680414673,0.2523470643919594
2023,0,pitcher_low_lt100,0.26278201058611145,0.2523470643919594
2023,0,batter_cold,0.27027942371419866,0.2523470643919594
2023,0,batter_low_lt100,0.27295112965858037,0.2523470643919594
2023,0,game_F,0.28646178324087057,0.2523470643919594
2023,0,same_hand,0.25269562474563734,0.2523470643919594
2023,0,late_inning,0.2522874799371223,0.2523470643919594
2024,1,target,0.7882492113564669,0.4861049201797189
2024,1,prediction,0.43137777548638995,0.4897167404896388
2024,1,pitcher_history,3714.235804416404,3928.214467450603
2024,1,batter_history,5608.464116719243,5402.548777745782
2024,1,inning,5.060331230283912,4.979862489004248
2024,1,cold_pitcher,0.0,0.00031951780424209193
2024,1,cold_batter,0.0,0.0003471304539914085
2024,1,cur_p_succ,0.43502408849140756,0.4901047721797375
2024,1,cur_b_succ,0.4800481429704371,0.4927039918099961
2024,5,target,0.6347428210792048,0.4861049201797189
2024,5,prediction,0.4734504562410245,0.4897167404896388
2024,5,pitcher_history,4422.932944146419,3928.214467450603
2024,5,batter_history,5524.55127800568,5402.548777745782
2024,5,inning,4.854607131587252,4.979862489004248
2024,5,cold_pitcher,0.0,0.00031951780424209193
2024,5,cold_batter,0.0003155569580309246,0.0003471304539914085
2024,5,cur_p_succ,0.47616725013310285,0.4901047721797375
2024,5,cur_b_succ,0.48800505242770004,0.4927039918099961
2024,10,target,0.6415920476509802,0.4861049201797189
2024,10,prediction,0.4775183073099114,0.4897167404896388
2024,10,pitcher_history,4222.892351386533,3928.214467450603
2024,10,batter_history,5438.709794485425,5402.548777745782
2024,10,inning,4.9657607194982445,4.979862489004248
2024,10,cold_pitcher,7.889235138653307e-05,0.00031951780424209193
2024,10,cold_batter,0.0003155694055461323,0.0003471304539914085
2024,10,cur_p_succ,0.48023555336005674,0.4901047721797375
2024,10,cur_b_succ,0.4891897018478144,0.4927039918099961
2024,20,target,0.6438010334898031,0.4861049201797189
2024,20,prediction,0.48244982310890777,0.4897167404896388
2024,20,pitcher_history,4037.6795984379314,3928.214467450603
2024,20,batter_history,5427.859098260424,5402.548777745782
2024,20,inning,5.015817916453,4.979862489004248
2024,20,cold_pitcher,7.889235138653307e-05,0.00031951780424209193
2024,20,cold_batter,0.0003550155812393988,0.0003471304539914085
2024,20,cur_p_succ,0.4842041435507435,0.4901047721797375
2024,20,cur_b_succ,0.4908079632948722,0.4927039918099961
2024,0,pitcher_cold,0.24383886225108126,0.24765471554060994
2024,0,pitcher_low_lt100,0.2469578190597349,0.24765471554060994
2024,0,batter_cold,0.257384412428742,0.24765471554060994
2024,0,batter_low_lt100,0.24575844672048525,0.24765471554060994
2024,0,game_F,0.24689325984451227,0.24765471554060994
2024,0,same_hand,0.24719233786491068,0.24765471554060994
2024,0,late_inning,0.24771884046108653,0.24765471554060994
