season,candidate_a,candidate_b,positive_row_jaccard,positive_row_overlap_share,gain_correlation
2022,cat,team,0.0,0.0,-0.9995843853998073
2022,cat,hgb,0.44623473238076505,0.30249482769767894,0.3480759649475586
2022,cat,nn,0.43233264702622937,0.2995207538630633,0.27846300840358723
2022,cat,team_nn,0.43403872655501835,0.3003572121290489,0.2819903040342161
2022,cat,ft_transformer,0.46447936825581326,0.31325968190340725,0.38517691731049153
2022,cat,tabm,0.5705275229357798,0.3699004331803194,0.4047179915526202
2022,cat,xgb_hist,0.46291515573593334,0.3115706019266826,0.37701626436923646
2022,cat,hard_weight,0.3414706120606853,0.23847142302967608,0.1617439834615231
2022,cat,uncertainty_0p5,0.14824975208296648,0.12927523113725997,-0.6831630128103526
2022,cat,role_state,0.21235582084847768,0.1742338527186914,-0.41295832188422643
2022,cat,groupdro,0.5551424257926061,0.3595800737053081,0.5132937187651747
2022,cat,lupi_aux,0.4471621539766188,0.29830445464537403,0.3571976137297984
2022,cat,lupi_distill,0.46643613310279974,0.3106816124652486,0.382519919662169
2022,cat,two_strike,0.14687723898230157,0.07786739509924355,0.21527461750509
2022,team,hgb,0.22988700452380478,0.18645341695222087,-0.34766947120997077
2022,team,nn,0.2491949194919492,0.20137227645955907,-0.27799337827015486
2022,team,team_nn,0.2479531637918546,0.20057622680545678,-0.28151762191986984
2022,team,ft_transformer,0.22267676271019765,0.18300252149738153,-0.3845333926648829
2022,team,tabm,0.1786271199694568,0.1569187625266697,-0.40399721433098107
2022,team,xgb_hist,0.22146510184172408,0.18163266955453547,-0.376697748108823
2022,team,hard_weight,0.27700787571941665,0.20693654231589836,-0.1617187287837258
2022,team,uncertainty_0p5,0.5966651673434739,0.38058042930109265,0.6833095295680125
2022,team,role_state,0.48191152537357596,0.32905136742742613,0.41299257046209137
2022,team,groupdro,0.18003379211796522,0.15629646990366586,-0.5127208727727873
2022,team,lupi_aux,0.21772444773862049,0.17567644016292752,-0.3567005340459142
2022,team,lupi_distill,0.21317733868660663,0.17464602055990172,-0.38210742618725124
2022,team,two_strike,0.0660318204055758,0.03872357276782828,-0.21555087678687848
2022,hgb,nn,0.4428645477463893,0.30381618930626497,0.36323555844174493
2022,hgb,team_nn,0.44850341181896664,0.30649932113532036,0.37575091922634063
2022,hgb,ft_transformer,0.5355721267697889,0.3436186720113791,0.6634699841445876
2022,hgb,tabm,0.4980929223581015,0.3377270963987845,0.4763583302230798
2022,hgb,xgb_hist,0.4959348092345378,0.3256045128337751,0.49610830213230656
2022,hgb,hard_weight,0.37825449430165464,0.2564290101506433,0.20389457057872964
2022,hgb,uncertainty_0p5,0.2617200261352499,0.20718303484838688,-0.2780236006125287
2022,hgb,role_state,0.2933145827737134,0.22503151871726904,-0.11206544197886405
2022,hgb,groupdro,0.47375969750309666,0.32301432081205145,0.44810008493498843
2022,hgb,lupi_aux,0.4974769532403713,0.3198947759746557,0.5176310564513417
2022,hgb,lupi_distill,0.6614021306211325,0.38785802030128663,0.8378916820137047
2022,hgb,two_strike,0.1284271718913546,0.0689168875670783,0.1381937422620477
2022,nn,team_nn,0.871152772117315,0.466420443524924,0.9797671784120884
2022,nn,ft_transformer,0.4506548780774567,0.30977241869787286,0.37301934446357765
2022,nn,tabm,0.5093231101563149,0.3468028706277882,0.43300368715428617
2022,nn,xgb_hist,0.41238711455325205,0.2902550591582078,0.2667729160318015
2022,nn,hard_weight,0.3309103928800787,0.2352831835520786,0.06621172306690051
2022,nn,uncertainty_0p5,0.27084741112573224,0.21541426908902825,-0.22150000808976586
2022,nn,role_state,0.3105543220879764,0.23795419279756902,-0.08464880154092691
2022,nn,groupdro,0.5220207959061463,0.3487303614146247,0.5220331122735475
2022,nn,lupi_aux,0.4460201390553824,0.3006966444688692,0.36395748521787163
2022,nn,lupi_distill,0.4325241236822952,0.29777106096851363,0.340491414672882
2022,nn,two_strike,0.12438008623607494,0.06830671752763949,0.11664085815146107
2022,team_nn,ft_transformer,0.45510186031427813,0.31188578909937287,0.38421805163368633
2022,team_nn,tabm,0.5149295069956936,0.34933649059287514,0.44194284090757985
2022,team_nn,xgb_hist,0.4124364170809843,0.2902914269089028,0.26524874699405426
2022,team_nn,hard_weight,0.3336655258227459,0.23676213874700977,0.07102140798254973
2022,team_nn,uncertainty_0p5,0.26811487668246686,0.21370902566755026,-0.2250242084357968
2022,team_nn,role_state,0.3076623554297381,0.23626915368203272,-0.09109024153932048
2022,team_nn,groupdro,0.5269673285110927,0.35090838559513804,0.5323474121238502
2022,team_nn,lupi_aux,0.4558708166885915,0.3052708993340661,0.3797523841466164
2022,team_nn,lupi_distill,0.4378405763804205,0.3003289261007306,0.3529757233439671
2022,team_nn,two_strike,0.1241393514976755,0.06819357341436608,0.11402375510539968
2022,ft_transformer,tabm,0.5283535959627667,0.35368041637033687,0.5177422362704213
2022,ft_transformer,xgb_hist,0.4401875040435706,0.30242613305747723,0.3515540440210713
2022,ft_transformer,hard_weight,0.336650529986693,0.23717026572703173,0.06985301137423273
2022,ft_transformer,uncertainty_0p5,0.25483693762252985,0.204326145988233,-0.3135874188609617
2022,ft_transformer,role_state,0.3025322921219334,0.23215959785349455,-0.0920793564786231
2022,ft_transformer,groupdro,0.5126275741288725,0.3430125428331286,0.5135989693288573
2022,ft_transformer,lupi_aux,0.5111016010472259,0.32816641882718045,0.5771820417669878
2022,ft_transformer,lupi_distill,0.535936265056432,0.34250743518458654,0.656844082376556
2022,ft_transformer,two_strike,0.12005199101973296,0.06568823947759747,0.10968332182028603
2022,tabm,xgb_hist,0.47529265997673914,0.3286189952802741,0.33429173579674176
2022,tabm,hard_weight,0.26049235895367173,0.2009197000064654,-0.23586566755039529
2022,tabm,uncertainty_0p5,0.2323314807787454,0.1954443330962695,-0.26517135927503066
2022,tabm,role_state,0.26953819491132924,0.21870353009633414,-0.19888856603747024
2022,tabm,groupdro,0.7566272277969148,0.44911747591646733,0.7950713136427894
2022,tabm,lupi_aux,0.46121442393920803,0.3158902825370143,0.2749880129109919
2022,tabm,lupi_distill,0.5154584286250167,0.3442652098015129,0.47414676786988097
2022,tabm,two_strike,0.12932648660916932,0.07368106290812698,0.06061256376047546
2022,xgb_hist,hard_weight,0.37460867918498747,0.25579055408288615,0.19439419192901514
2022,xgb_hist,uncertainty_0p5,0.26516414122108223,0.21022984418439258,-0.2509044562950243
2022,xgb_hist,role_state,0.2813407670284791,0.21879646990366586,-0.16281614767173275
2022,xgb_hist,groupdro,0.4670884886084576,0.3212686687786901,0.37203495247051427
2022,xgb_hist,lupi_aux,0.39373911828245006,0.2732349518329346,0.21747319038520638
2022,xgb_hist,lupi_distill,0.5073606762485139,0.32936251373892805,0.5305846705043274
2022,xgb_hist,two_strike,0.12930673212201035,0.06982204047326566,0.1410290435425528
2022,hard_weight,uncertainty_0p5,0.2928472598207303,0.21638003491304067,-0.1124353652531438
2022,hard_weight,role_state,0.2907384601851648,0.21369286222279693,-0.06424095161595966
2022,hard_weight,groupdro,0.2826940289655024,0.21185831124329216,-0.051248020024476926
2022,hard_weight,lupi_aux,0.40541725863240474,0.26521384237408674,0.3251696626872344
2022,hard_weight,lupi_distill,0.39163560125913083,0.2619286222279692,0.26909086701441665
2022,hard_weight,two_strike,0.12210254548388398,0.06115439322428396,0.15506612149340615
2022,uncertainty_0p5,role_state,0.48780849637132906,0.3321789939871986,0.4448602792338974
2022,uncertainty_0p5,groupdro,0.22892802850586288,0.19107616215167778,-0.3684674484140105
2022,uncertainty_0p5,lupi_aux,0.24050155653720148,0.19074077067304585,-0.30749506290415807
2022,uncertainty_0p5,lupi_distill,0.24747369860654533,0.19742435507855435,-0.30920333506734793
2022,uncertainty_0p5,two_strike,0.07921391725664641,0.045980959462080556,-0.1615415285727915
2022,role_state,groupdro,0.2704266925909322,0.21694171461821943,-0.23991067527283413
2022,role_state,lupi_aux,0.27713528299694773,0.21206439516389733,-0.12435382713329905
2022,role_state,lupi_distill,0.2840235754735301,0.2186792849292041,-0.12714495405041687
2022,role_state,two_strike,0.08643181914758,0.04931466994245814,-0.0951669172258898
2022,groupdro,lupi_aux,0.460872365549075,0.31227775263464147,0.42620080097174967
2022,groupdro,lupi_distill,0.48256961979870994,0.3258873731169587,0.45785107458889557
2022,groupdro,two_strike,0.1298735986486389,0.07269913363936122,0.1263907668368299
2022,lupi_aux,lupi_distill,0.5115369922322679,0.32465086959332773,0.5296968416872223
2022,lupi_aux,two_strike,0.12652715150113694,0.06633073640654297,0.14164224666831102
2022,lupi_distill,two_strike,0.13783963395537494,0.07291734014353139,0.17136670105704244
2023,cat,team,0.0,0.0,-0.9995675588906011
2023,cat,hgb,0.47770068168111457,0.3193809184400774,0.2923931857959928
2023,cat,nn,0.4336782027644358,0.3008166174523979,0.1574858804372624
2023,cat,team_nn,0.4605220696331887,0.31386213216576725,0.1817746042059015
2023,cat,ft_transformer,0.386293986206426,0.27671723857041036,0.08850382116397766
2023,cat,tabm,0.39763335299811564,0.28275735668465535,0.11097987892817632
2023,cat,xgb_hist,0.4680122294652926,0.3160981570104877,0.3034278953144112
2023,cat,hard_weight,0.38000782157604757,0.26911719784136034,0.2088007559888691
2023,cat,uncertainty_0p5,0.11637137362412538,0.10425007636696874,-0.7594359324211377
2023,cat,role_state,0.19124114669517298,0.15957234497505346,-0.47590300605331953
2023,cat,groupdro,0.5816224899598393,0.3686589960289176,0.4335143961085869
2023,cat,lupi_aux,0.44704924608886476,0.3086528866714184,0.3271304232814433
2023,cat,lupi_distill,0.4877863110914661,0.3236167396395479,0.32153628631073805
2023,cat,two_strike,0.1516584455708059,0.08177171367477853,0.25117579604890095
2023,team,hgb,0.20424699080183864,0.16704205274411973,-0.29081828365456885
2023,team,nn,0.2403448785434385,0.19210263720598716,-0.15609681114946122
2023,team,team_nn,0.22158378709023996,0.17999796354750025,-0.18035627164785462
2023,team,ft_transformer,0.27709824196378846,0.21480093676814987,-0.08680028122785308
2023,team,tabm,0.2682512290872691,0.2095631809388046,-0.10940384045706525
2023,team,xgb_hist,0.21345033625840645,0.17386824152326646,-0.3021954729437921
2023,team,hard_weight,0.26922423856521277,0.20665105386416863,-0.20911752964547398
2023,team,uncertainty_0p5,0.6542123651009251,0.39430200590571224,0.7596576993181687
2023,team,role_state,0.5058490752890495,0.3328663068933917,0.47668287000341686
2023,team,groupdro,0.15258337247534054,0.13230831890846145,-0.43196953871672367
2023,team,lupi_aux,0.23402483763694257,0.18888504225638936,-0.3264826835187247
2023,team,lupi_distill,0.19694214753196823,0.16190204663476224,-0.3200127925210239
2023,team,two_strike,0.06488045935056366,0.03764586091029427,-0.2509717026002099
2023,hgb,nn,0.4750993816254417,0.3154261276855717,0.44253900740626306
2023,hgb,team_nn,0.4820625869776721,0.31885144079014355,0.4470189495628457
2023,hgb,ft_transformer,0.5435633698691781,0.34438040932695246,0.6435338483115203
2023,hgb,tabm,0.49877444101412666,0.32571428571428573,0.5798392301291839
2023,hgb,xgb_hist,0.5394415761218566,0.34214031157723246,0.598711282175547
2023,hgb,hard_weight,0.3542103754657495,0.2516729457285409,0.1008991333992425
2023,hgb,uncertainty_0p5,0.23372495804020998,0.18660014255167498,-0.22416327021795127
2023,hgb,role_state,0.30354721483972447,0.22794012829650748,0.05198859119386023
2023,hgb,groupdro,0.5531459615988314,0.35165461765604317,0.592695178600569
2023,hgb,lupi_aux,0.46531812943531264,0.3124610528459424,0.4150067734738156
2023,hgb,lupi_distill,0.7178686093554285,0.4061582323592302,0.892661748359859
2023,hgb,two_strike,0.1306122448979592,0.0699887995112514,0.11080730113006873
2023,nn,team_nn,0.7191442560136238,0.4127848487934019,0.9002478114867309
2023,nn,ft_transformer,0.4217715085704874,0.2920354342734956,0.456227559400948
2023,nn,tabm,0.4982100829926917,0.3276285510640464,0.6134370214440439
2023,nn,xgb_hist,0.4539895043169672,0.3068933917116383,0.40134262062395976
2023,nn,hard_weight,0.37546410354280163,0.26442521128194685,-0.08846845869280755
2023,nn,uncertainty_0p5,0.2666031884781885,0.20869157926891355,-0.0841513858871208
2023,nn,role_state,0.3115793924871379,0.23408206903573975,0.1445348657355488
2023,nn,groupdro,0.5170338688019098,0.3387353629976581,0.5565531084080966
2023,nn,lupi_aux,0.39512816393969297,0.28051725893493534,0.11371649549574811
2023,nn,lupi_distill,0.4761825756737824,0.3156216271255473,0.4196113066835408
2023,nn,two_strike,0.12823437593804407,0.06959780063130028,0.05337240009663779
2023,team_nn,ft_transformer,0.41351850337115414,0.2882679971489665,0.4614748282696657
2023,team_nn,tabm,0.5056181172622638,0.3311801242236025,0.637579271195964
2023,team_nn,xgb_hist,0.47121270258912096,0.3151084410956114,0.4139238989142987
2023,team_nn,hard_weight,0.36249849767354014,0.2579737297627533,-0.13861933666235973
2023,team_nn,uncertainty_0p5,0.24681212518165258,0.19645249974544343,-0.1175389366692777
2023,team_nn,role_state,0.29916790506284974,0.22712147439160982,0.13430977797316151
2023,team_nn,groupdro,0.5510322011188793,0.3534304042358212,0.5875989635050679
2023,team_nn,lupi_aux,0.3980254089321816,0.282256389369718,0.09200736961471402
2023,team_nn,lupi_distill,0.4832712378790496,0.31909581509011303,0.4191187071418822
2023,team_nn,two_strike,0.12608907003701902,0.06866917829141635,0.029209130514912814
2023,ft_transformer,tabm,0.5385208208603492,0.34436819061195395,0.7714755271188242
2023,ft_transformer,xgb_hist,0.46160377987905843,0.3099725078912534,0.44305174629712274
2023,ft_transformer,hard_weight,0.2907649162472689,0.21789634456776297,-0.2986684412687405
2023,ft_transformer,uncertainty_0p5,0.2920263202653287,0.2237776193870278,-0.044934811295805524
2023,ft_transformer,role_state,0.34620549769582687,0.25304551471336933,0.22011241876435605
2023,ft_transformer,groupdro,0.47492661077989284,0.31958049078505246,0.5784488119673786
2023,ft_transformer,lupi_aux,0.4687278863426052,0.3156460645555442,0.23660014093042012
2023,ft_transformer,lupi_distill,0.5302233902759527,0.338543936462682,0.6098488110487597
2023,ft_transformer,two_strike,0.1097711651857387,0.06042969147744629,-0.0011835566717366484
2023,tabm,xgb_hist,0.45127631151388237,0.3054434375318196,0.46074236809199365
2023,tabm,hard_weight,0.35891190998902306,0.2556888300580389,-0.20277484249375735
2023,tabm,uncertainty_0p5,0.292448269450421,0.22420934731697384,-0.03284631572856222
2023,tabm,role_state,0.32153632567393253,0.2395967824050504,0.18635757893650565
2023,tabm,groupdro,0.5195586072826059,0.3396191833825476,0.6932429697312177
2023,tabm,lupi_aux,0.5102001503768743,0.3344099378881988,0.261952429676666
2023,tabm,lupi_distill,0.4894564765585741,0.3213318399348335,0.5353953085491129
2023,tabm,two_strike,0.11420453702467323,0.0627023724671622,-0.007239065119646491
2023,xgb_hist,hard_weight,0.3640610258416366,0.2577497199877813,0.07564505300736135
2023,xgb_hist,uncertainty_0p5,0.24227627295620663,0.19278688524590165,-0.2191485720953588
2023,xgb_hist,role_state,0.2888531475257418,0.22017309846247837,-0.029879291840123962
2023,xgb_hist,groupdro,0.5178581454978758,0.33808369819773954,0.5015430201032905
2023,xgb_hist,lupi_aux,0.40483929844078637,0.28457387231442827,0.23990318528683782
2023,xgb_hist,lupi_distill,0.5437060908797937,0.34357397413705326,0.6002021638433087
2023,xgb_hist,two_strike,0.1282888535296025,0.06928825985133896,0.12233235040295319
2023,hard_weight,uncertainty_0p5,0.27297495769521396,0.20893188066388352,-0.1850926110768964
2023,hard_weight,role_state,0.28120705173463834,0.21250789125343653,-0.2017838331232774
2023,hard_weight,groupdro,0.32206314466379626,0.23793911007025761,-0.12649109078693435
2023,hard_weight,lupi_aux,0.4139877518416615,0.2849648711943794,0.29630997182865754
2023,hard_weight,lupi_distill,0.37303951226322896,0.26117096018735364,0.17175195216158753
2023,hard_weight,two_strike,0.1367175649711801,0.07158537827105182,0.1819597263573263
2023,uncertainty_0p5,role_state,0.5208393234408011,0.33938295489257714,0.49538707742861066
2023,uncertainty_0p5,groupdro,0.18778465604112116,0.15802056817024743,-0.3342144060424222
2023,uncertainty_0p5,lupi_aux,0.24783154414465897,0.19783321454027084,-0.2689019092946344
2023,uncertainty_0p5,lupi_distill,0.22442215791900835,0.18036859790245394,-0.25839965915277824
2023,uncertainty_0p5,two_strike,0.07485070238947018,0.04303431422462071,-0.19198272125855864
2023,role_state,groupdro,0.2576428670870738,0.20351084410956113,-0.06310581982556297
2023,role_state,lupi_aux,0.2619424643452347,0.2054902759393137,-0.243930374040727
2023,role_state,lupi_distill,0.29692665010262503,0.22389980653701252,0.023199820763827185
2023,role_state,two_strike,0.0829050279329609,0.04684248039914469,-0.15170637222602104
2023,groupdro,lupi_aux,0.4731990481455664,0.3207249770899094,0.40083374550961726
2023,groupdro,lupi_distill,0.5498470674055209,0.3499806537012524,0.5744814591965707
2023,groupdro,two_strike,0.14071744177338427,0.07652988494043376,0.14382714518393205
2023,lupi_aux,lupi_distill,0.47412876983399904,0.316183688015477,0.4480115514841214
2023,lupi_aux,two_strike,0.13099833498838973,0.07145911821606761,0.1535201811645475
2023,lupi_distill,two_strike,0.13109136186059264,0.07011098666123612,0.13312725977527265
2024,cat,team,0.0,0.0,-0.9996048414791839
2024,cat,hgb,0.4073632170259408,0.2814794068802834,0.2407141969520995
2024,cat,nn,0.43148309510482247,0.2949543799579499,0.262174020986306
2024,cat,team_nn,0.3426509887760556,0.25289242506124093,0.05326036702372639
2024,cat,ft_transformer,0.3483466053333912,0.25331450413598045,0.11077685082891806
2024,cat,tabm,0.3290804567250378,0.24499915189718627,-0.1286629147019448
2024,cat,xgb_hist,0.4793965296281063,0.3172496222983981,0.410493781808338
2024,cat,hard_weight,0.39747468405009534,0.2746748610492018,0.1132875211160528
2024,cat,uncertainty_0p5,0.12677647142526813,0.11246237776471656,-0.7498164159250907
2024,cat,role_state,0.20609227509150452,0.1688040172460721,-0.42214324636805933
2024,cat,groupdro,0.3694828722002635,0.26549562733967896,0.13858347288394265
2024,cat,lupi_aux,0.38695396010436833,0.2720279913375173,0.2300670726490956
2024,cat,lupi_distill,0.4213848862530695,0.2870058814943966,0.2446286896330977
2024,cat,two_strike,0.14939602526391232,0.07893667630479631,0.21295016879571377
2024,team,hgb,0.2553401052600161,0.20247961594748862,-0.24058475475241206
2024,team,nn,0.2419023488324317,0.19508337047892169,-0.26181471574418136
2024,team,team_nn,0.3264646839956858,0.2495473497773237,-0.05300177033639294
2024,team,ft_transformer,0.31209060994605076,0.2386916337615924,-0.11059468256763524
2024,team,tabm,0.33839647926248057,0.25599687582591407,0.12898769271056013
2024,team,xgb_hist,0.2090730815730102,0.1732693771769616,-0.410236332146881
2024,team,hard_weight,0.2576404533845791,0.20255061990398687,-0.11284634649839446
2024,team,uncertainty_0p5,0.6388079327850094,0.39859254379563486,0.7501220271564073
2024,team,role_state,0.48591573795966647,0.3305707534703184,0.4224916660575178
2024,team,groupdro,0.29608983926812676,0.23006070838280598,-0.13829258175050746
2024,team,lupi_aux,0.273760257765695,0.21449900791694115,-0.22959672529023342
2024,team,lupi_distill,0.24120300157587674,0.1926021766657331,-0.24452081840516898
2024,team,two_strike,0.06753073222875468,0.03987266623801315,-0.2130647650966412
2024,hgb,nn,0.4273038371272992,0.29159352601703303,0.3280105117538476
2024,hgb,team_nn,0.36483167408959916,0.2636731924562241,0.1431721561229461
2024,hgb,ft_transformer,0.46971047035202146,0.31191249156828016,0.46724684600829214
2024,hgb,tabm,0.423222489483704,0.2928952652195008,0.20649240888201723
2024,hgb,xgb_hist,0.5354499064572469,0.3398249358005893,0.5764404755903774
2024,hgb,hard_weight,0.3848886312355425,0.26713266300338845,0.17435291702545277
2024,hgb,uncertainty_0p5,0.2754877074463244,0.214909252998931,-0.16253078395414605
2024,hgb,role_state,0.3145427507725408,0.23529133317817655,-0.00790358841535685
2024,hgb,groupdro,0.42329649669845926,0.29131345485529,0.31186595921759014
2024,hgb,lupi_aux,0.49456604277912436,0.3211430059130517,0.44792612148416944
2024,hgb,lupi_distill,0.7266628967272213,0.4055154295542135,0.8905818525587401
2024,hgb,two_strike,0.1383214886991761,0.0732445257921872,0.1750403282946221
2024,nn,team_nn,0.5935043796036507,0.36965054219410115,0.7515632226031504
2024,nn,ft_transformer,0.4561071046305557,0.3076128075358866,0.40077795461975557
2024,nn,tabm,0.45872912650672365,0.3116521437277866,0.058930046550705543
2024,nn,xgb_hist,0.44947666112714657,0.30406655437522434,0.3394851754055297
2024,nn,hard_weight,0.3615329516871464,0.2568410339753932,-0.053223603330229116
2024,nn,uncertainty_0p5,0.2668992956234805,0.2109014741210302,-0.20216898322430105
2024,nn,role_state,0.31414515047363567,0.23651812375989617,-0.005604826034745688
2024,nn,groupdro,0.4877280522078788,0.323111393373753,0.4630900496958873
2024,nn,lupi_aux,0.4507832140785148,0.30343540809524,0.49416975182120537
2024,nn,lupi_distill,0.4470935914191186,0.29958147112308536,0.36261844491586015
2024,nn,two_strike,0.12311173851034724,0.06673977444409819,0.0819860247498811
2024,team_nn,ft_transformer,0.4562179772295358,0.31154958245728914,0.3700225865785311
2024,team_nn,tabm,0.4654798939970043,0.31872098206361166,0.18504938682796657
2024,team_nn,xgb_hist,0.3875784820104624,0.2773532880748855,0.19068182380181545
2024,team_nn,hard_weight,0.3056452206462195,0.22933489016082395,-0.1028512029681792
2024,team_nn,uncertainty_0p5,0.3414504255208061,0.25797315261511516,-0.006759888526519854
2024,team_nn,role_state,0.35208935597046315,0.2608764255030433,0.043392318653885056
2024,team_nn,groupdro,0.469651290451876,0.3189261046046066,0.4152503469519358
2024,team_nn,lupi_aux,0.38346420629183475,0.27411866338996554,0.26156159542112256
2024,team_nn,lupi_distill,0.3664860829806737,0.2633812873017313,0.14797401107403982
2024,team_nn,two_strike,0.10316398506615859,0.0580970150725621,-0.0009414866658450549
2024,ft_transformer,tabm,0.5818336056302627,0.3652482968912101,0.4347473911151803
2024,ft_transformer,xgb_hist,0.42251679078905285,0.2918302058720272,0.2993779669053903
2024,ft_transformer,hard_weight,0.30291171526595717,0.22533500061142295,-0.016049807977232034
2024,ft_transformer,uncertainty_0p5,0.32585458944250945,0.2465217922976486,-0.030167382469829633
2024,ft_transformer,role_state,0.34503963050773073,0.2543164488554557,0.06143767233937199
2024,ft_transformer,groupdro,0.501697517904915,0.3299317178618342,0.5050003981908359
2024,ft_transformer,lupi_aux,0.482215091927032,0.3183501836241208,0.45631481598470947
2024,ft_transformer,lupi_distill,0.48124917311138643,0.3156717565984371,0.5288841544389735
2024,ft_transformer,two_strike,0.09886101550580137,0.05495311766538991,-0.011031143808044538
2024,tabm,xgb_hist,0.4057627346144382,0.2861932806589167,0.10666307886493578
2024,tabm,hard_weight,0.37769234615363245,0.2681779990296126,0.4304798168362549
2024,tabm,uncertainty_0p5,0.35944893363359387,0.26759418872062707,0.20305766403893963
2024,tabm,role_state,0.3362189788713842,0.2517129704505201,0.005955322077700057
2024,tabm,groupdro,0.554119478090762,0.35531957697420585,0.4002095490793104
2024,tabm,lupi_aux,0.3997584541062802,0.2820277152110198,-0.25672802967107894
2024,tabm,lupi_distill,0.435194272847988,0.2973487911576406,0.227609663171108
2024,tabm,two_strike,0.10093960860151767,0.05682683318409354,-0.03882310207336605
2024,xgb_hist,hard_weight,0.38451987922909786,0.26876969866709793,0.13116613579844794
2024,xgb_hist,uncertainty_0p5,0.2427913442289149,0.19566718078790724,-0.29385586850015644
2024,xgb_hist,role_state,0.27695681820494816,0.21469624112943628,-0.13610941188460382
2024,xgb_hist,groupdro,0.4465926714659383,0.3044215741577156,0.3414348368790846
2024,xgb_hist,lupi_aux,0.4381067397463886,0.2976485856406332,0.30971991652105163
2024,xgb_hist,lupi_distill,0.5444332104572372,0.3419826671452859,0.5760086728956956
2024,xgb_hist,two_strike,0.14055658517495737,0.07509062866114151,0.188508260241908
2024,hard_weight,uncertainty_0p5,0.2818353449202102,0.21729183020587203,-0.058253319450600236
2024,hard_weight,role_state,0.29453011027623965,0.22219504786850067,-0.08640388747987933
2024,hard_weight,groupdro,0.3573476880060325,0.25610338176066144,0.05040345311518172
2024,hard_weight,lupi_aux,0.297328009175676,0.2208775300090333,-0.3009912070539623
2024,hard_weight,lupi_distill,0.39690401050425006,0.2718662601032713,0.2060841841365413
2024,hard_weight,two_strike,0.14006866110838648,0.0732287471351876,0.12005845096068628
2024,uncertainty_0p5,role_state,0.5051061179401602,0.33909517291435737,0.46470531706634693
2024,uncertainty_0p5,groupdro,0.317311514338074,0.24247062211299886,-0.05250293418985559
2024,uncertainty_0p5,lupi_aux,0.28136479481969773,0.21905115046132848,-0.20783130918786252
2024,uncertainty_0p5,lupi_distill,0.26190859026409935,0.2056116793619111,-0.17661306267505814
2024,uncertainty_0p5,two_strike,0.07672441114789914,0.04488238983538916,-0.1650835123896521
2024,role_state,groupdro,0.3200778788481467,0.24123988686702932,-0.018616047656481942
2024,role_state,lupi_aux,0.3209430890871422,0.2395397365753214,0.04777277569689534
2024,role_state,lupi_distill,0.3074921106562775,0.2302342736098017,-0.010028442012440505
2024,role_state,two_strike,0.08764210263314964,0.04981322014776712,-0.08813132937526201
2024,groupdro,lupi_aux,0.44503453479598354,0.3024571313612642,0.38023671194840925
2024,groupdro,lupi_distill,0.43658837066049905,0.2963586804309151,0.3419973414292293
2024,groupdro,two_strike,0.11545926589077887,0.0635919323726761,0.06662353101800349
2024,lupi_aux,lupi_distill,0.5061649437621838,0.3246813697452141,0.4820033631268938
2024,lupi_aux,two_strike,0.12608328747018896,0.06777722114182251,0.11673258413431284
2024,lupi_distill,two_strike,0.14139643367692423,0.07413207524841522,0.17977437262414828
