season,subset,n,delta_bss
2022,pitcher_low,32178,-0.2525492346316493
2022,pitcher_high,215206,1.1333270541895475
2022,batter_low,30093,0.8772694771312975
2022,batter_high,217291,0.9714633569337382
2022,pitcher_hand=1,62216,0.9314807817121795
2022,pitcher_hand=2,185256,0.9682900982500023
2022,batter_hand=1,124834,1.5235815933233403
2022,batter_hand=2,122638,0.3830538650968371
2022,inning=1,28784,0.6628291087693441
2022,inning=2,27405,0.9382590533004088
2022,inning=3,27159,0.7944890416319458
2022,inning=4,26951,0.6713554048183195
2022,inning=5,27135,3.3886669382809487
2022,inning=6,28465,-1.5371796347072548
2022,inning=7,28291,-2.503517375483733
2022,inning=8,28132,1.171011999392175
2022,inning=9,21244,5.507799401301513
2022,inning=10,2275,10.632118069466038
2022,inning=11,1128,3.216343708882072
2022,inning=12,503,-5.24915680017182
2022,pitcher_team_id=12,25163,1.1276418609593737
2022,pitcher_team_id=13,35983,3.4613438228796842
2022,pitcher_team_id=14,24085,1.8104774732578743
2022,pitcher_team_id=15,22765,1.9343774164970702
2022,pitcher_team_id=16,22697,-0.8696012149506358
2022,pitcher_team_id=17,25005,-0.5205077970321748
2022,pitcher_team_id=18,23092,2.8359092382489566
2022,pitcher_team_id=19,22838,2.3075062179687618
2022,pitcher_team_id=20,21199,-0.9260705920671721
2022,pitcher_team_id=21,23979,-2.40711710741039
2022,pitcher_team_id=23,666,-15.535504198285714
2022,count=0-0,64084,1.8969722856690603
2022,count=0-1,31161,-0.4830114055206468
2022,count=0-2,15595,-2.7729016935874395
2022,count=1-0,25393,2.2781063012785143
2022,count=1-1,25225,0.588410776924011
2022,count=1-2,23740,-0.4365807361283247
2022,count=2-0,8700,4.426381643061372
2022,count=2-1,13114,2.317229657999849
2022,count=2-2,20240,1.546308750064117
2022,count=3-0,2809,-0.0861471415070947
2022,count=3-1,5605,1.0678606599617482
2022,count=3-2,11806,0.4882734104449025
2023,pitcher_low,25823,-43.824422852500575
2023,pitcher_high,219639,-10.042344706535777
2023,batter_low,24129,-47.59614660010432
2023,batter_high,221325,-9.871601191379026
2023,pitcher_hand=1,69113,-12.701756337212569
2023,pitcher_hand=2,176412,-13.937326957058486
2023,batter_hand=1,118462,-13.822112770243766
2023,batter_hand=2,127063,-13.367227360700328
2023,inning=1,27890,-11.666439282679976
2023,inning=2,27024,-10.605804722149776
2023,inning=3,27308,-9.24630243244112
2023,inning=4,27430,-13.603549924004003
2023,inning=5,27427,-14.968572070314277
2023,inning=6,27669,-13.82682351339784
2023,inning=7,27920,-17.710885460957353
2023,inning=8,27857,-17.510638336063842
2023,inning=9,20601,-12.845048217387157
2023,inning=10,2557,-14.137142461930253
2023,inning=11,1078,-12.720927329001999
2023,inning=12,764,-11.45519287857849
2023,pitcher_team_id=12,24435,-5.390217443687812
2023,pitcher_team_id=13,34583,-59.89776562054153
2023,pitcher_team_id=14,23769,-12.887741476161871
2023,pitcher_team_id=15,23112,-6.933861756473671
2023,pitcher_team_id=16,22547,-5.128888216493711
2023,pitcher_team_id=17,24198,-8.231108025259951
2023,pitcher_team_id=18,22842,3.1912478754747737
2023,pitcher_team_id=19,22705,-4.90540596921003
2023,pitcher_team_id=20,21239,0.6572487399524125
2023,pitcher_team_id=21,24914,-8.90052583450945
2023,pitcher_team_id=23,1181,-93.46155124115687
2023,count=0-0,63138,-13.112106910181943
2023,count=0-1,30327,-15.399431645081378
2023,count=0-2,14526,-15.254165345054359
2023,count=1-0,25591,-13.447605381012973
2023,count=1-1,25293,-13.216710602487042
2023,count=1-2,23456,-12.501776843955495
2023,count=2-0,8774,-14.449062017388762
2023,count=2-1,13479,-11.676360959195865
2023,count=2-2,20380,-13.899344772115079
2023,count=3-0,2858,-18.441808141396827
2023,count=3-1,5807,-12.843923399710029
2023,count=3-2,11896,-12.967792787729868
2024,pitcher_low,31956,-1.0191193591911454
2024,pitcher_high,221470,-0.23310195658372285
2024,batter_low,23938,0.3334249947677898
2024,batter_high,229481,-0.4199166873429537
2024,pitcher_hand=1,71830,0.09764115269055391
2024,pitcher_hand=2,181677,-0.5116554218982231
2024,batter_hand=1,119761,0.28474666007884786
2024,batter_hand=2,133746,-0.8977044050716255
2024,inning=1,29259,-0.10032005765696675
2024,inning=2,28108,-1.3061104649226025
2024,inning=3,27893,-0.43268185330365466
2024,inning=4,28007,-0.9160678600840596
2024,inning=5,28337,1.1862985845072695
2024,inning=6,28707,1.2864919758388365
2024,inning=7,29244,-1.6933594882463583
2024,inning=8,28994,-2.431059000128777
2024,inning=9,21110,1.6421486230671725
2024,inning=10,2291,1.9953662285517817
2024,inning=11,980,3.526263523312921
2024,inning=12,520,-4.452835106431462
2024,pitcher_team_id=12,25413,-3.6955520180336237
2024,pitcher_team_id=13,37232,-0.6934421289114109
2024,pitcher_team_id=14,24081,0.0467441266759237
2024,pitcher_team_id=15,23302,-2.464470010233974
2024,pitcher_team_id=16,23457,6.022408168051739
2024,pitcher_team_id=17,24919,-1.4322043671784082
2024,pitcher_team_id=18,22809,0.10755096225533448
2024,pitcher_team_id=19,23104,-1.7023747869569168
2024,pitcher_team_id=20,22740,-0.620224668131393
2024,pitcher_team_id=21,25180,1.5331686057286489
2024,pitcher_team_id=23,978,-6.046255051940805
2024,pitcher_team_id=25,292,10.74356528269198
2024,count=0-0,65317,-0.9705577350310696
2024,count=0-1,31402,0.8046912790155849
2024,count=0-2,16155,0.4697545288073341
2024,count=1-0,26438,-1.655849638796037
2024,count=1-1,25313,1.5938249790459083
2024,count=1-2,24399,-0.7384901842133131
2024,count=2-0,9392,-1.8350870609504222
2024,count=2-1,13446,3.187123306090548
2024,count=2-2,20640,-0.9299895944454198
2024,count=3-0,3214,-2.0784419713032043
2024,count=3-1,6020,-5.099786129377536
2024,count=3-2,11771,-0.27225722317984563
