model,season,subset,n,history_median,champion_brier,candidate_brier,champion_bss,candidate_bss,delta_bss,two_sigma_bss,prediction_correlation,residual_correlation
auxiliary,2022,linked_pitcher,45569,1776.0,0.24474352567379332,0.24474234224671307,1919.8424687962067,1920.3167232801134,0.4742544839047168,5.260178987796819,0.9998210453491947,0.9999962628923844
auxiliary,2022,unlinked_pitcher,201903,1776.0,0.24276830390281975,0.2427658819710661,2528.162514765775,2529.1349239909387,0.9724092251180927,2.836395704792573,0.9998566789297202,0.9999945253664883
auxiliary,2022,high_history_pitcher,29959,1776.0,0.2473299601259743,0.24732383961529897,974.4297122860845,976.8802324728432,2.4505201867555244,6.000573093180279,0.9996931318172665,0.9999972542111331
auxiliary,2022,low_history_pitcher,15610,1776.0,0.23977959295419762,0.23978788486904085,3655.5651277990096,3652.23340202645,-3.3317257725604597,10.171588519307702,0.9998933493672626,0.9999945240166097
auxiliary,2022,cold_start,88,1776.0,0.24624174814469993,0.24609375049860713,682.4949149710325,742.187298895125,59.69238392410138,144.17738621880423,0.9999383636368611,0.9999946448422823
auxiliary,2022,non_cold_start,247384,1776.0,0.2431309110956382,0.24312876908531172,2421.312174547896,2422.1718536237668,0.8596790758596523,2.5087191180020656,0.9998517685183423,0.9999948180449186
auxiliary,2022,matchup_1/1,30719,1776.0,0.24365060275010442,0.24365153685013086,2530.7701889383807,2530.39651446717,-0.37367447122902536,7.270168270887305,0.9998703914005643,0.9999948988720161
auxiliary,2022,matchup_1/2,31497,1776.0,0.24285278169556848,0.2428513502294078,2356.6177190230133,2357.193266054325,0.5755470312997963,6.86532467339778,0.9998580293135747,0.99999486745031
auxiliary,2022,matchup_2/1,94115,1776.0,0.24289741574014492,0.24289182960110256,2351.6077108475697,2353.853422251817,2.245711404274092,4.3130834700561795,0.9998666381949429,0.9999944597988604
auxiliary,2022,matchup_2/2,91141,1776.0,0.24329598502310235,0.24329597634283182,2301.2169185610555,2301.2204042407116,0.003485679628663353,3.87055610813072,0.9998576115945901,0.9999955591756975
auxiliary,2022,count_0-0,64084,1776.0,0.24305955428893397,0.24305303754918106,2386.306713609321,2388.9238624695276,2.617148860202346,5.06612361702087,0.9998518374207002,0.9999947797157164
auxiliary,2022,count_0-1,31161,1776.0,0.24324996931560833,0.24324471959847954,2066.1150082227355,2068.228575574782,2.1135673520332974,7.067336422527581,0.9998489221654824,0.9999947654592545
auxiliary,2022,count_0-2,15595,1776.0,0.24553331305874085,0.24552346569816325,1599.035902060586,1602.9823717374936,3.9464696768954606,9.665932073311668,0.9998375089157218,0.9999953132140554
auxiliary,2022,count_1-0,25393,1776.0,0.24261045106735052,0.242603613743688,2650.1042085943172,2652.8477538254047,2.743545231072905,7.894898762360309,0.9998506544546996,0.9999947419840588
auxiliary,2022,count_1-1,25225,1776.0,0.24256520543229762,0.24257493274626463,2463.3762612292107,2459.4648619800987,-3.9113992491345364,7.744210949726916,0.9998560406997923,0.9999948383471584
auxiliary,2022,count_1-2,23740,1776.0,0.24545244465670835,0.24544016190824233,1484.1980853463333,1489.1279397486246,4.929854402308274,7.584752180533298,0.99983940599008,0.9999954970533893
auxiliary,2022,count_2-0,8700,1776.0,0.24054453189769667,0.24055382223340435,3512.4453123719477,3508.718760088314,-3.7265522836660887,13.59452239712749,0.9998581470059785,0.9999945731038477
auxiliary,2022,count_2-1,13114,1776.0,0.24131127097716676,0.24131749036464858,3185.27655333527,3182.781318543193,-2.4952347920607396,10.959457872099428,0.9998649230657226,0.9999945562248013
auxiliary,2022,count_2-2,20240,1776.0,0.24306230604159304,0.24306698644759403,2495.396774198988,2493.5192262669602,-1.8775479320155624,8.275255394448205,0.9998531421451196,0.9999952306836097
auxiliary,2022,count_3-0,2809,1776.0,0.24377379275854574,0.24373168890521563,2475.342158538507,2492.1863149318656,16.844156393354858,28.389135347210043,0.999868083264044,0.9999936406526231
auxiliary,2022,count_3-1,5605,1776.0,0.23977354089793332,0.23978954978332107,4055.618452699439,4049.21256403451,-6.40588866492931,17.949824168360223,0.9998811516984257,0.9999936522307257
auxiliary,2022,count_3-2,11806,1776.0,0.2431994307269245,0.24321494102235958,2719.110995243523,2712.906805849902,-6.20418939364282,11.66244623206257,0.999873531655232,0.9999946738705163
auxiliary,2023,linked_pitcher,60476,2187.0,0.25060705727046234,0.25049976807183993,-298.74530777207474,-255.80568698042595,42.93962079164299,5.07931764341842,0.9997987589663867,0.9999958054015345
auxiliary,2023,unlinked_pitcher,185049,2187.0,0.2529157174010524,0.252867439459172,-1172.490302431961,-1153.1779415517863,19.31236088018704,2.633314790407846,0.9998265251974862,0.9999962586643356
auxiliary,2023,high_history_pitcher,35311,2187.0,0.24830263473325442,0.2482209196185277,289.4296300805621,322.24386383202796,32.81423375146461,6.328507400571821,0.9995789743700905,0.9999964040906545
auxiliary,2023,low_history_pitcher,25165,2187.0,0.25384057462438037,0.2536974004078187,-1633.6207642259292,-1576.2961460053182,57.32461822061121,8.406666084954404,0.9998841974380588,0.9999950462943145
auxiliary,2023,cold_start,63,2187.0,0.27337499680414673,0.2735188565332129,-11628.123695026594,-11686.866417728603,-58.74272270201853,144.09270022670313,0.9998595097060524,0.9999964986448334
auxiliary,2023,non_cold_start,245462,2187.0,0.2523416673865493,0.25227880116038864,-936.6671958561445,-911.5207053318031,25.146490524372922,2.3463189292029596,0.9998179740195775,0.9999961167443038
auxiliary,2023,matchup_1/1,31695,2187.0,0.2515234351064511,0.25145753579057306,-1123.9787577639104,-1097.4842046174826,26.49455314642294,6.500098404653492,0.9998736628847007,0.999996307237492
auxiliary,2023,matchup_1/2,37418,2187.0,0.2520003374962789,0.2519221370154782,-824.5272013103433,-793.2394396272357,31.287761683123122,5.703170628841171,0.9998808773223402,0.9999963832058152
auxiliary,2023,matchup_2/1,86767,2187.0,0.2520091422979292,0.2519419293814285,-900.4221088595888,-873.5111341852341,26.910974674354506,4.2057240282624235,0.9997862364220889,0.9999962627642601
auxiliary,2023,matchup_2/2,89645,2187.0,0.25311006560250626,0.2530590247311855,-1257.3677587997433,-1236.94871988973,20.419038910037372,3.722391086168845,0.999833985860068,0.9999964632637903
auxiliary,2023,count_0-0,63138,2187.0,0.25246415785130116,0.252409681972185,-988.9463394765929,-967.1552793923511,21.79106008425912,4.672693193866421,0.9998144470107716,0.9999960653109
auxiliary,2023,count_0-1,30327,2187.0,0.2522118128488636,0.25213620388600966,-943.373201428277,-913.112034560104,30.261166868140283,6.5557708224581175,0.9998218469427687,0.9999961619056179
auxiliary,2023,count_0-2,14526,2187.0,0.2535732385869789,0.2535108169596455,-1430.595255889222,-1405.626284981465,24.968970907749405,9.534816798343366,0.9998142307448277,0.999996457647107
auxiliary,2023,count_1-0,25591,2187.0,0.252463053295955,0.25239946589443185,-989.943902635404,-964.5077525576085,25.436150077778382,7.396761919886015,0.9998005834531631,0.9999959030686684
auxiliary,2023,count_1-1,25293,2187.0,0.25278816748833344,0.2527246483591688,-1125.7076355977392,-1100.2973604689714,25.410275128739112,7.1384802011611175,0.9998132157354713,0.9999961756016721
auxiliary,2023,count_1-2,23456,2187.0,0.2528851362916125,0.25279888114444643,-1161.5570915212813,-1127.0524736444188,34.50461787686118,7.139763416728277,0.9998107524238155,0.999996567387432
auxiliary,2023,count_2-0,8774,2187.0,0.251983567484034,0.25192463089942746,-818.367345279003,-794.7868781228884,23.580467156124573,12.989777953869876,0.9998135684414545,0.9999956832920787
auxiliary,2023,count_2-1,13479,2187.0,0.25071076018689853,0.25066150684848065,-288.1067590528197,-268.40467662998526,19.702082422806395,10.025721243960835,0.9998278074092916,0.9999960268346971
auxiliary,2023,count_2-2,20380,2187.0,0.25204906543957495,0.25197561646182204,-822.5633841249413,-793.1829370993571,29.380447025570387,7.883145199156082,0.9998235095233785,0.9999964777081035
auxiliary,2023,count_3-0,2858,2187.0,0.2561781196405343,0.25610284573494946,-2532.7562325807353,-2502.628597079193,30.127635501564434,27.700403645976465,0.9998099485445945,0.9999949595803218
auxiliary,2023,count_3-1,5807,2187.0,0.25252288510815807,0.2524525248069107,-1166.4812954541137,-1138.2933389564976,28.187956497626743,16.422053858090568,0.9998443812886283,0.999995729125948
auxiliary,2023,count_3-2,11896,2187.0,0.24995124658076637,0.2499323895738797,-455.4819293948409,-447.903292598828,7.578636796014255,11.078800099940482,0.9998437289673181,0.9999961714882157
auxiliary,2024,linked_pitcher,69206,2598.0,0.24721248057205064,0.24723209786234052,1086.7369283740325,1078.8877688546418,-7.849159519398356,4.647602359197738,0.9995776263002747,0.9999956342105867
auxiliary,2024,unlinked_pitcher,184301,2598.0,0.2478207771096416,0.24782199842391375,770.8568733154508,770.3678506833401,-0.489022632114129,3.380450440535222,0.9992370285168627,0.9999937880339529
auxiliary,2024,high_history_pitcher,40659,2598.0,0.24700618529712365,0.2470142191788306,1188.8494220965385,1185.635587211742,-3.213834884809043,5.600757371619486,0.9996700432030157,0.9999962807893932
auxiliary,2024,low_history_pitcher,28547,2598.0,0.24750630337596197,0.24754241871541896,704.3671931661888,689.8782874837806,-14.488905682407138,7.976047576756995,0.9992605316935889,0.9999947238824607
auxiliary,2024,cold_start,81,2598.0,0.24383886225108126,0.24443267326526052,-999.1651028626425,-1245.124324076685,-245.9592212140425,299.53444997293144,0.9979176959676889,0.9999894804063395
auxiliary,2024,non_cold_start,253426,2598.0,0.24765593516336545,0.24766199067835337,861.3387896321267,858.9147183154178,-2.4240713167036985,2.7648511542169016,0.999347697282289,0.9999942947424116
auxiliary,2024,matchup_1/1,30493,2598.0,0.24583036273588307,0.24582666730911507,822.6362957786781,824.1271721722065,1.4908763935048956,7.831306229668507,0.9995098099151729,0.9999940218770996
auxiliary,2024,matchup_1/2,41337,2598.0,0.24775279912512468,0.24775296582063988,879.70159630959,879.6349051994667,-0.06669111013911985,5.927610708368358,0.9993685384830191,0.9999957274286572
auxiliary,2024,matchup_2/1,89268,2598.0,0.2482458866205681,0.24825669634621336,700.2883379931268,695.9643886446321,-4.323949348495991,4.240525891146516,0.9992809976227943,0.9999952819793746
auxiliary,2024,matchup_2/2,92409,2598.0,0.24764176062253632,0.24764959054170543,710.4538890224221,707.3145593777252,-3.139329644684855,5.217818616226932,0.9992339128729011,0.9999930574149032
auxiliary,2024,count_0-0,65317,2598.0,0.24769970837945193,0.24770592467908237,845.5660981566471,843.0777073755169,-2.488390781144123,5.528746403890354,0.9993314245865519,0.9999942696561106
auxiliary,2024,count_0-1,31402,2598.0,0.247739758453802,0.24776770809397614,903.6588637241994,892.478958267684,-11.179905456506644,7.720336240016277,0.9993789329399791,0.9999944554120905
auxiliary,2024,count_0-2,16155,2598.0,0.249464621711545,0.24943032750367433,190.4399310019178,204.16087378329894,13.72094278139304,11.0956378603753,0.9993120544954538,0.999995005502414
auxiliary,2024,count_1-0,26438,2598.0,0.24733665447887554,0.2473510255551489,905.4407180599688,899.6829969784903,-5.75772108147526,8.770681995472444,0.9992633212639285,0.9999937667038351
auxiliary,2024,count_1-1,25313,2598.0,0.2473550137439348,0.24734997298115655,982.9206971136206,984.9385321281767,2.0178350145541284,8.558980854285148,0.9993491337288527,0.9999942701018849
auxiliary,2024,count_1-2,24399,2598.0,0.24851924638837675,0.2484999494454301,590.3896031997924,598.1085288285004,7.718925628710536,8.55731162883173,0.9993017546432004,0.9999948139809703
auxiliary,2024,count_2-0,9392,2598.0,0.24720070268451091,0.24722142277259093,836.4209581537164,828.1091772009752,-8.311780952742717,14.785009941727843,0.9993114696345363,0.9999936424160688
auxiliary,2024,count_2-1,13446,2598.0,0.24698569766605577,0.24698465188670088,940.303614629312,940.7230501932373,0.41943556390972325,11.868630733714133,0.9993886307060058,0.999994086265227
auxiliary,2024,count_2-2,20640,2598.0,0.24810464942833713,0.24810918926893746,723.4184441196834,721.601872537303,-1.816571582404619,9.316690971265231,0.9993722878877425,0.9999947703467776
auxiliary,2024,count_3-0,3214,2598.0,0.245470293206214,0.2455065067838901,1683.8121705807785,1669.3078456041178,-14.504324976654829,26.987471136999737,0.9991905437824955,0.9999931035287631
auxiliary,2024,count_3-1,6020,2598.0,0.24491832111600997,0.24497147379700876,1373.9087876434296,1352.5047491848907,-21.40403845854735,18.58307333521487,0.9993339603823611,0.9999936689075871
auxiliary,2024,count_3-2,11771,2598.0,0.24659449195981312,0.24662515281583744,626.2267083865902,613.87085675636,-12.355851630227274,13.32869746293797,0.9993846890555965,0.9999945107971039
distillation,2022,linked_pitcher,45569,1776.0,0.24474352567379332,0.24475263197669456,1919.8424687962067,1916.1931480608741,-3.6493207353277826,3.4014452454054878,0.9999257077858557,0.9999984160697811
distillation,2022,unlinked_pitcher,201903,1776.0,0.24276830390281975,0.24276547945581817,2528.162514765775,2529.2965344656304,1.134019699823247,1.6587530076480492,0.9999488900172617,0.9999983787479946
distillation,2022,high_history_pitcher,29959,1776.0,0.2473299601259743,0.24733870465884633,974.4297122860845,970.928590326936,-3.501121959151637,3.9019930552385422,0.9998792729397045,0.9999986211507118
distillation,2022,low_history_pitcher,15610,1776.0,0.23977959295419762,0.23978939357281343,3655.5651277990096,3651.6271985936764,-3.937929205326243,6.529569378604446,0.9999536152417712,0.9999980406563119
distillation,2022,cold_start,88,1776.0,0.24624174814469993,0.24641283371924994,682.4949149710325,613.4903999025277,-69.00451506850254,75.97870144970148,0.9999674830036827,0.9999989013077138
distillation,2022,non_cold_start,247384,1776.0,0.2431309110956382,0.24313022247092272,2421.312174547896,2421.588548686571,0.276374138663875,1.491426908935917,0.999945788715221,0.9999983849687127
distillation,2022,matchup_1/1,30719,1776.0,0.24365060275010442,0.24365568263081205,2530.7701889383807,2528.738049249346,-2.032139689033606,4.5193235108188885,0.9999479936112008,0.9999981609812439
distillation,2022,matchup_1/2,31497,1776.0,0.24285278169556848,0.24284932056769507,2356.6177190230133,2358.0093284981454,1.3916094751141335,3.668692441188985,0.9999564761609434,0.9999987542446787
distillation,2022,matchup_2/1,94115,1776.0,0.24289741574014492,0.24289857373215012,2351.6077108475697,2351.142180750232,-0.46553009731019607,2.1986577620179246,0.9999523120948562,0.9999986485369419
distillation,2022,matchup_2/2,91141,1776.0,0.24329598502310235,0.24329256924607062,2301.2169185610555,2302.588569882158,1.3716513210573744,2.7067801714498105,0.9999328294161135,0.9999980734881997
distillation,2022,count_0-0,64084,1776.0,0.24305955428893397,0.24306524845386251,2386.306713609321,2384.0199141025864,-2.2867995067496723,2.8882780101652914,0.9999439103616209,0.9999984052075113
distillation,2022,count_0-1,31161,1776.0,0.24324996931560833,0.243244216645344,2066.1150082227355,2068.431067499732,2.316059276985137,4.3498931103090115,0.9999450247107834,0.9999982871793125
distillation,2022,count_0-2,15595,1776.0,0.24553331305874085,0.24551052532536258,1599.035902060586,1608.1684100127447,9.132507952169483,5.472147624324145,0.9999455237652746,0.9999985426194582
distillation,2022,count_1-0,25393,1776.0,0.24261045106735052,0.24260900223527607,2650.1042085943172,2650.685567108957,0.5813585146184261,4.6987570746399845,0.9999471217980429,0.9999983759009958
distillation,2022,count_1-1,25225,1776.0,0.24256520543229762,0.2425628074155273,2463.3762612292107,2464.3405151873467,0.9642539581220785,4.751281517455168,0.9999443132481902,0.9999983627927271
distillation,2022,count_1-2,23740,1776.0,0.24545244465670835,0.24544093194571648,1484.1980853463333,1488.8188743434005,4.620788997093498,4.615588740590632,0.9999454215639404,0.9999985022632807
distillation,2022,count_2-0,8700,1776.0,0.24054453189769667,0.2405419966184789,3512.4453123719477,3513.462267071543,1.016954699575091,8.310297570041842,0.9999490331770202,0.9999982091332487
distillation,2022,count_2-1,13114,1776.0,0.24131127097716676,0.24131816405588827,3185.27655333527,3182.511031826818,-2.7655215084452345,6.709340668362568,0.9999490730169796,0.9999983195147115
distillation,2022,count_2-2,20240,1776.0,0.24306230604159304,0.24306749076234418,2495.396774198988,2493.3169200747175,-2.0798541242726496,4.841601928058145,0.9999478270309097,0.9999985768185219
distillation,2022,count_3-0,2809,1776.0,0.24377379275854574,0.2437568541108689,2475.342158538507,2482.1186696650234,6.776511126536106,15.442225670613864,0.9999560829124994,0.9999981258367769
distillation,2022,count_3-1,5605,1776.0,0.23977354089793332,0.2397920221614114,4055.618452699439,4048.2232522616514,-7.3952004377955465,10.814232610375416,0.9999519127100108,0.9999981286925582
distillation,2022,count_3-2,11806,1776.0,0.2431994307269245,0.24321262207369948,2719.110995243523,2713.8343959620006,-5.276599281534855,7.381841807042507,0.9999488921205781,0.9999984283503972
distillation,2023,linked_pitcher,60476,2187.0,0.25060705727046234,0.25060909595964603,-298.74530777207474,-299.56123837442397,-0.815930602378682,3.325606611275173,0.9999291295718491,0.9999985079218853
distillation,2023,unlinked_pitcher,185049,2187.0,0.2529157174010524,0.2529498725026568,-1172.490302431961,-1186.1531808064597,-13.662878374473229,1.8809540085065943,0.9999263840865331,0.9999985911242386
distillation,2023,high_history_pitcher,35311,2187.0,0.24830263473325442,0.2483012121073918,289.4296300805621,290.0009121224789,0.5712820419230898,3.5443051191972987,0.9998916798219883,0.9999989194965648
distillation,2023,low_history_pitcher,25165,2187.0,0.25384057462438037,0.25384747015821346,-1633.6207642259292,-1636.381623365968,-2.760859140013501,6.271748949084385,0.9999472425821107,0.9999981005960474
distillation,2023,cold_start,63,2187.0,0.27337499680414673,0.27375920812994053,-11628.123695026594,-11785.009986392402,-156.8862913657783,79.94465759143412,0.9999646417812864,0.9999992950034977
distillation,2023,non_cold_start,245462,2187.0,0.2523416673865493,0.2523678199227884,-936.6671958561445,-947.1282103767909,-10.461014520654656,1.637410956163022,0.9999261159221114,0.9999985706592319
distillation,2023,matchup_1/1,31695,2187.0,0.2515234351064511,0.25154046264625823,-1123.9787577639104,-1130.8246112050613,-6.845853441163467,4.997624541148412,0.9999091006750153,0.99999805998084
distillation,2023,matchup_1/2,37418,2187.0,0.2520003374962789,0.25202231747631376,-824.5272013103433,-833.3213208616241,-8.794119551290104,3.938471262449397,0.9999416681549222,0.9999986997471507
distillation,2023,matchup_2/1,86767,2187.0,0.2520091422979292,0.25203649650819154,-900.4221088595888,-911.3742962951754,-10.952187435579436,2.4872837274843964,0.9999233193815247,0.9999988034036134
distillation,2023,matchup_2/2,89645,2187.0,0.25311006560250626,0.2531402745559882,-1257.3677587997433,-1269.452932516746,-12.085173717008303,2.9207725076524276,0.9999238479689693,0.999998508943344
distillation,2023,count_0-0,63138,2187.0,0.25246415785130116,0.2524951038278527,-988.9463394765929,-1001.3251325376782,-12.378793061088636,3.1129631208564628,0.9999269103214548,0.9999986051744573
distillation,2023,count_0-1,30327,2187.0,0.2522118128488636,0.2522297519373477,-943.373201428277,-950.5530082869917,-7.17980685871799,4.626529066676691,0.9999259079831199,0.9999986147581206
distillation,2023,count_0-2,14526,2187.0,0.2535732385869789,0.2535913996636101,-1430.595255889222,-1437.8597796357305,-7.264523746540955,5.9071136504418655,0.9999227812620036,0.9999987219951063
distillation,2023,count_1-0,25591,2187.0,0.252463053295955,0.25249528327444165,-989.943902635404,-1002.8364969253855,-12.892594289968482,5.154066425872402,0.9999250904813517,0.9999985460393552
distillation,2023,count_1-1,25293,2187.0,0.25278816748833344,0.2528043347962101,-1125.7076355977392,-1132.1752264894958,-6.467590891785921,5.220505990917256,0.9999248846621034,0.9999985816155659
distillation,2023,count_1-2,23456,2187.0,0.2528851362916125,0.2528892222786864,-1161.5570915212813,-1163.1916075735437,-1.634516052242443,4.830260299123686,0.9999304838776516,0.9999988099795895
distillation,2023,count_2-0,8774,2187.0,0.251983567484034,0.2520446767299654,-818.367345279003,-842.8170920066202,-24.449746727615935,9.443052547585253,0.9999266124695605,0.9999983728989833
distillation,2023,count_2-1,13479,2187.0,0.25071076018689853,0.2507452494563,-288.1067590528197,-301.90298993335585,-13.796230880552127,7.15234206547187,0.9999268263396638,0.9999984890717389
distillation,2023,count_2-2,20380,2187.0,0.25204906543957495,0.25207602487701064,-822.5633841249413,-833.347473266155,-10.784089141188732,5.5897391612781435,0.9999245825673632,0.9999986544249548
distillation,2023,count_3-0,2858,2187.0,0.2561781196405343,0.2562043105485798,-2532.7562325807353,-2543.2388842369755,-10.482651656244148,18.56335188216981,0.9999326770587625,0.999998274580572
distillation,2023,count_3-1,5807,2187.0,0.25252288510815807,0.2525435998682239,-1166.4812954541137,-1174.7801052267137,-8.298809772598446,12.820254699825083,0.9999275991804039,0.9999982045478922
distillation,2023,count_3-2,11896,2187.0,0.24995124658076637,0.2500022516751226,-455.4819293948409,-475.98089231060123,-20.498962915749622,8.762191368581819,0.9999198653912065,0.9999982990412074
distillation,2024,linked_pitcher,69206,2598.0,0.24721248057205064,0.24721153077409233,1086.7369283740325,1087.1169561748052,0.38002780077457426,3.1276096702785403,0.9998680882648003,0.9999980564063609
distillation,2024,unlinked_pitcher,184301,2598.0,0.2478207771096416,0.2478248635519863,770.8568733154508,769.2206337029717,-1.6362396124690184,1.844133886091089,0.9998032833191962,0.9999982003294158
distillation,2024,high_history_pitcher,40659,2598.0,0.24700618529712365,0.2470084867176197,1188.8494220965385,1187.9287730573008,-0.920649039244809,4.216485134177228,0.9998795114188699,0.9999978480802709
distillation,2024,low_history_pitcher,28547,2598.0,0.24750630337596197,0.24750072292360437,704.3671931661888,706.605982807662,2.238789641482291,4.6393769759925,0.999811529109453,0.9999983652653676
distillation,2024,cold_start,81,2598.0,0.24383886225108126,0.244062162849281,-999.1651028626425,-1091.6572256397083,-92.49212277705996,112.04567139722988,0.9998881626133893,0.9999991053094901
distillation,2024,non_cold_start,253426,2598.0,0.24765593516336545,0.24765857623549153,861.3387896321267,860.2815472342539,-1.057242397851419,1.5895542294517742,0.9998254114796905,0.9999981609965454
distillation,2024,matchup_1/1,30493,2598.0,0.24583036273588307,0.24582912885068328,822.6362957786781,823.1340922260632,0.4977964474037687,4.928677824846342,0.9998325124420702,0.9999979011054327
distillation,2024,matchup_1/2,41337,2598.0,0.24775279912512468,0.24775586079743545,879.70159630959,878.4766903786378,-1.2249059309376755,3.493408417086991,0.9998226762469284,0.9999984962935407
distillation,2024,matchup_2/1,89268,2598.0,0.2482458866205681,0.24825519791974848,700.2883379931268,696.5637674215985,-3.7245705715338935,2.5886242090557467,0.9997869943870025,0.9999982304364315
distillation,2024,matchup_2/2,92409,2598.0,0.24764176062253632,0.2476392421140678,710.4538890224221,711.4636604038216,1.0097713814570541,2.7793160361013975,0.999814307078178,0.999998060401151
distillation,2024,count_0-0,65317,2598.0,0.24769970837945193,0.24770177455085945,845.5660981566471,844.7390077349626,-0.8270904217184442,3.020572550773797,0.9998248091311334,0.9999982329914456
distillation,2024,count_0-1,31402,2598.0,0.247739758453802,0.24774332405277405,903.6588637241994,902.232617834986,-1.4262458892166539,4.551702449902041,0.999826946190891,0.9999981819976462
distillation,2024,count_0-2,16155,2598.0,0.249464621711545,0.2494422684640634,190.4399310019178,199.38335465030656,8.943423648394312,6.01729372092099,0.9998211895724457,0.9999983077271163
distillation,2024,count_1-0,26438,2598.0,0.24733665447887554,0.2473427453661104,905.4407180599688,903.0004255467294,-2.440292513226852,4.760075677761013,0.9998187339590198,0.9999981902366154
distillation,2024,count_1-1,25313,2598.0,0.2473550137439348,0.2473651808364534,982.9206971136206,978.8507743295316,-4.069922784102772,4.979700886415512,0.9998310167203293,0.9999981863363542
distillation,2024,count_1-2,24399,2598.0,0.24851924638837675,0.248510230343409,590.3896031997924,593.9960905467001,3.606487346911747,4.879840788771995,0.9998160309942272,0.9999984059065335
distillation,2024,count_2-0,9392,2598.0,0.24720070268451091,0.24721691800370402,836.4209581537164,829.9162473295429,-6.504710824164521,8.901246223601358,0.999816871870886,0.9999978593514718
distillation,2024,count_2-1,13446,2598.0,0.24698569766605577,0.24699137890862738,940.303614629312,938.025012388155,-2.2786022411597084,7.086599119185222,0.9998210093831057,0.9999980036288464
distillation,2024,count_2-2,20640,2598.0,0.24810464942833713,0.2481060946715783,723.4184441196834,722.8401445641186,-0.578299555599379,5.543358267722944,0.9998258317880709,0.9999982577942302
distillation,2024,count_3-0,3214,2598.0,0.245470293206214,0.24548847857694384,1683.8121705807785,1676.5285343367852,-7.283636243995295,16.885032601318244,0.9998157072638687,0.9999976958272274
distillation,2024,count_3-1,6020,2598.0,0.24491832111600997,0.24493610235046265,1373.9087876434296,1366.748467243517,-7.160320399913262,12.141707735163086,0.9998046233300613,0.9999976380991684
distillation,2024,count_3-2,11771,2598.0,0.24659449195981312,0.2466097144933277,626.2267083865902,620.0922623883054,-6.134445998275786,8.666456106617161,0.9997987735506441,0.9999978226566446
