seed,season,weight,group,train_slice_rows,validation_slice_rows,champion_brier,candidate_brier,gain
42,2022,0.1,all,169450,59575,0.24313201729617934,0.2431244507344184,7.566561760929957e-06
42,2022,0.1,slice,169450,59575,0.2446615883773926,0.24463015720371087,3.143117368173409e-05
42,2022,0.1,outside,169450,59575,0.24264704841874501,0.24264704841874501,0.0
42,2022,0.1,R,169450,59575,0.24828303927859774,0.24827548948708314,7.5497915145994465e-06
42,2022,0.1,F,169450,59575,0.20641711337104868,0.2064094272761187,7.686094929987286e-06
42,2022,0.25,all,169450,59575,0.24313201729617934,0.24311784086075014,1.4176435429197332e-05
42,2022,0.25,slice,169450,59575,0.2446615883773926,0.24460270007141643,5.888830597616801e-05
42,2022,0.25,outside,169450,59575,0.24264704841874501,0.24264704841874501,0.0
42,2022,0.25,R,169450,59575,0.24828303927859774,0.2482681436419908,1.4895636606948592e-05
42,2022,0.25,F,169450,59575,0.20641711337104868,0.2064080631809033,9.050190145382109e-06
42,2022,0.5,all,169450,59575,0.24313201729617934,0.24311946432189765,1.2552974281682117e-05
42,2022,0.5,slice,169450,59575,0.2446615883773926,0.24460944385953406,5.21445178585378e-05
42,2022,0.5,outside,169450,59575,0.24264704841874501,0.24264704841874501,0.0
42,2022,0.5,R,169450,59575,0.24828303927859774,0.24826651081264894,1.65284659487952e-05
42,2022,0.5,F,169450,59575,0.20641711337104868,0.20643289648135654,-1.578311030786539e-05
42,2023,0.1,all,229025,58362,0.2523470643919594,0.25231833067168835,2.873372027106802e-05
42,2023,0.1,slice,229025,58362,0.25276444560208794,0.25264356477775785,0.00012088082433009406
42,2023,0.1,outside,229025,58362,0.25221691472463453,0.25221691472463453,0.0
42,2023,0.1,R,229025,58362,0.24836109889742417,0.24834714569110938,1.3953206314781808e-05
42,2023,0.1,F,229025,58362,0.28646178324087057,0.2863065474024168,0.0001552358384537822
42,2023,0.25,all,229025,58362,0.2523470643919594,0.2522799078490378,6.715654292160922e-05
42,2023,0.25,slice,229025,58362,0.25276444560208794,0.2524819225528298,0.0002825230492581321
42,2023,0.25,outside,229025,58362,0.25221691472463453,0.25221691472463453,0.0
42,2023,0.25,R,229025,58362,0.24836109889742417,0.24833066037209198,3.043852533218816e-05
42,2023,0.25,F,229025,58362,0.28646178324087057,0.28608036786945024,0.000381415371420335
42,2023,0.5,all,229025,58362,0.2523470643919594,0.25222834383197024,0.00011872055998918274
42,2023,0.5,slice,229025,58362,0.25276444560208794,0.25226499620879533,0.0004994493932926058
42,2023,0.5,outside,229025,58362,0.25221691472463453,0.25221691472463453,0.0
42,2023,0.5,R,229025,58362,0.24836109889742417,0.24831503681494219,4.606208248197907e-05
42,2023,0.5,F,229025,58362,0.28646178324087057,0.2857211999137435,0.0007405833271270645
42,2024,0.1,all,287387,61194,0.24765471554060994,0.24765038432472855,4.331215881392403e-06
42,2024,0.1,slice,287387,61194,0.2486289835699724,0.2486110407398839,1.7942830088490958e-05
42,2024,0.1,outside,287387,61194,0.24734470343644216,0.24734470343644216,0.0
42,2024,0.1,R,287387,61194,0.24775695980089035,0.2477549475057869,2.0122951034651226e-06
42,2024,0.1,F,287387,61194,0.24689325984451227,0.24687165865738472,2.1601187127545662e-05
42,2024,0.25,all,287387,61194,0.24765471554060994,0.2476488601311772,5.855409432736769e-06
42,2024,0.25,slice,287387,61194,0.2486289835699724,0.24860472649772564,2.4257072246763878e-05
42,2024,0.25,outside,287387,61194,0.24734470343644216,0.24734470343644216,0.0
42,2024,0.25,R,287387,61194,0.24775695980089035,0.24775691658231874,4.321857161038167e-08
42,2024,0.25,F,287387,61194,0.24689325984451227,0.24684411862298714,4.9141221525134116e-05
42,2024,0.5,all,287387,61194,0.24765471554060994,0.24765958015597986,-4.864615369915004e-06
42,2024,0.5,slice,287387,61194,0.2486289835699724,0.24864913610206046,-2.0152532088063557e-05
42,2024,0.5,outside,287387,61194,0.24734470343644216,0.24734470343644216,0.0
42,2024,0.5,R,287387,61194,0.24775695980089035,0.24777349842770394,-1.6538626813583646e-05
42,2024,0.5,F,287387,61194,0.24689325984451227,0.24681118322244072,8.207662207154742e-05
43,2022,0.1,all,169450,59575,0.24313201729617934,0.24312439789307913,7.619403100206368e-06
43,2022,0.1,slice,169450,59575,0.2446615883773926,0.24462993770304955,3.16506743430478e-05
43,2022,0.1,outside,169450,59575,0.24264704841874501,0.24264704841874501,0.0
43,2022,0.1,R,169450,59575,0.24828303927859774,0.24827549202766833,7.547250929412774e-06
43,2022,0.1,F,169450,59575,0.20641711337104868,0.20640897968941788,8.13368163080086e-06
43,2022,0.25,all,169450,59575,0.24313201729617934,0.24311772897581865,1.4288320360683615e-05
43,2022,0.25,slice,169450,59575,0.2446615883773926,0.24460223530619993,5.9353071192674856e-05
43,2022,0.25,outside,169450,59575,0.24264704841874501,0.24264704841874501,0.0
43,2022,0.25,R,169450,59575,0.24828303927859774,0.24826817001043489,1.4869268162853722e-05
43,2022,0.25,F,169450,59575,0.20641711337104868,0.20640696586833854,1.0147502710139422e-05
43,2022,0.5,all,169450,59575,0.24313201729617934,0.2431193079467564,1.2709349422934668e-05
43,2022,0.5,slice,169450,59575,0.2446615883773926,0.2446087942838904,5.279409350220088e-05
43,2022,0.5,outside,169450,59575,0.24264704841874501,0.24264704841874501,0.0
43,2022,0.5,R,169450,59575,0.24828303927859774,0.24826663027280688,1.6409005790862796e-05
43,2022,0.5,F,169450,59575,0.20641711337104868,0.20643077403685162,-1.3660665802939231e-05
43,2023,0.1,all,229025,58362,0.2523470643919594,0.25232447912485206,2.2585267107355644e-05
43,2023,0.1,slice,229025,58362,0.25276444560208794,0.25266943090576954,9.501469631839621e-05
43,2023,0.1,outside,229025,58362,0.25221691472463453,0.25221691472463453,0.0
43,2023,0.1,R,229025,58362,0.24836109889742417,0.24835020943394145,1.0889463482710582e-05
43,2023,0.1,F,229025,58362,0.28646178324087057,0.286339096993734,0.00012268624713657195
43,2023,0.25,all,229025,58362,0.2523470643919594,0.25229542777092245,5.1636621036965646e-05
43,2023,0.25,slice,229025,58362,0.25276444560208794,0.25254721381804907,0.00021723178403887378
43,2023,0.25,outside,229025,58362,0.25221691472463453,0.25221691472463453,0.0
43,2023,0.25,R,229025,58362,0.24836109889742417,0.24833863766155054,2.2461235873627583e-05
43,2023,0.25,F,229025,58362,0.28646178324087057,0.28616044298754717,0.0003013402533234011
43,2023,0.5,all,229025,58362,0.2523470643919594,0.2522598796389907,8.718475296870531e-05
43,2023,0.5,slice,229025,58362,0.25276444560208794,0.25239766522320056,0.0003667803788873769
43,2023,0.5,outside,229025,58362,0.25221691472463453,0.25221691472463453,0.0
43,2023,0.5,R,229025,58362,0.24836109889742417,0.2483320511684546,2.9047728969555653e-05
43,2023,0.5,F,229025,58362,0.28646178324087057,0.28587702061595033,0.0005847626249202431
43,2024,0.1,all,287387,61194,0.24765471554060994,0.24764922891800883,5.486622601108548e-06
43,2024,0.1,slice,287387,61194,0.2486289835699724,0.2486062542625938,2.272930737859391e-05
43,2024,0.1,outside,287387,61194,0.24734470343644216,0.24734470343644216,0.0
43,2024,0.1,R,287387,61194,0.24775695980089035,0.24775360738595345,3.3524149369024148e-06
43,2024,0.1,F,287387,61194,0.24689325984451227,0.24687187888634624,2.1380958166034025e-05
43,2024,0.25,all,287387,61194,0.24765471554060994,0.2476457047158776,9.010824732341716e-06
43,2024,0.25,slice,287387,61194,0.2486289835699724,0.24859165463011854,3.732893985386454e-05
43,2024,0.25,outside,287387,61194,0.24734470343644216,0.24734470343644216,0.0
43,2024,0.25,R,287387,61194,0.24775695980089035,0.24775328022123727,3.6795796530819658e-06
43,2024,0.25,F,287387,61194,0.24689325984451227,0.24684454501173342,4.8714832778851136e-05
43,2024,0.5,all,287387,61194,0.24765471554060994,0.24765237966371306,2.33587689688064e-06
43,2024,0.5,slice,287387,61194,0.2486289835699724,0.2486193067855735,9.67678439889319e-06
43,2024,0.5,outside,287387,61194,0.24734470343644216,0.24734470343644216,0.0
43,2024,0.5,R,287387,61194,0.24775695980089035,0.24776527216721522,-8.312366324869647e-06
43,2024,0.5,F,287387,61194,0.24689325984451227,0.24681162205440837,8.163779010389449e-05
44,2022,0.1,all,169450,59575,0.24313201729617934,0.24312299854583014,9.018750349198967e-06
44,2022,0.1,slice,169450,59575,0.2446615883773926,0.24462412487447327,3.746350291933265e-05
44,2022,0.1,outside,169450,59575,0.24264704841874501,0.24264704841874501,0.0
44,2022,0.1,R,169450,59575,0.24828303927859774,0.2482739161521542,9.123126443549845e-06
44,2022,0.1,F,169450,59575,0.20641711337104868,0.20640883858146872,8.27478957995953e-06
44,2022,0.25,all,169450,59575,0.24313201729617934,0.24311457710242082,1.7440193758516687e-05
44,2022,0.25,slice,169450,59575,0.2446615883773926,0.24458914255901573,7.244581837687059e-05
44,2022,0.25,outside,169450,59575,0.24264704841874501,0.24264704841874501,0.0
44,2022,0.25,R,169450,59575,0.24828303927859774,0.2482644919291172,1.854734948053549e-05
44,2022,0.25,F,169450,59575,0.20641711337104868,0.20640756464350896,9.548727539721025e-06
44,2022,0.5,all,169450,59575,0.24313201729617934,0.24311415918237742,1.7858113801921816e-05
44,2022,0.5,slice,169450,59575,0.2446615883773926,0.2445874065370436,7.418184034899133e-05
44,2022,0.5,outside,169450,59575,0.24264704841874501,0.24264704841874501,0.0
44,2022,0.5,R,169450,59575,0.24828303927859774,0.24826014613506442,2.289314353332017e-05
44,2022,0.5,F,169450,59575,0.20641711337104868,0.2064351434040029,-1.8030032954224895e-05
44,2023,0.1,all,229025,58362,0.2523470643919594,0.25232546247319065,2.1601918768765493e-05
44,2023,0.1,slice,229025,58362,0.25276444560208794,0.2526735677859458,9.087781614214308e-05
44,2023,0.1,outside,229025,58362,0.25221691472463453,0.25221691472463453,0.0
44,2023,0.1,R,229025,58362,0.24836109889742417,0.24834968832797458,1.141056944958807e-05
44,2023,0.1,F,229025,58362,0.28646178324087057,0.2863529565287134,0.00010882671215717288
44,2023,0.25,all,229025,58362,0.2523470643919594,0.2522975962273527,4.9468164606714105e-05
44,2023,0.25,slice,229025,58362,0.25276444560208794,0.2525563363680816,0.0002081092340063262
44,2023,0.25,outside,229025,58362,0.25221691472463453,0.25221691472463453,0.0
44,2023,0.25,R,229025,58362,0.24836109889742417,0.24833705553316973,2.404336425443354e-05
44,2023,0.25,F,229025,58362,0.28646178324087057,0.2861947116080451,0.0002670716328254663
44,2023,0.5,all,229025,58362,0.2523470643919594,0.25226325017046264,8.381422149678075e-05
44,2023,0.5,slice,229025,58362,0.25276444560208794,0.25241184482190565,0.00035260078018228835
44,2023,0.5,outside,229025,58362,0.25221691472463453,0.25221691472463453,0.0
44,2023,0.5,R,229025,58362,0.24836109889742417,0.2483279557001471,3.314319727706905e-05
44,2023,0.5,F,229025,58362,0.28646178324087057,0.2859442904671106,0.0005174927737599533
44,2024,0.1,all,287387,61194,0.24765471554060994,0.24764821808161794,6.497458992005267e-06
44,2024,0.1,slice,287387,61194,0.2486289835699724,0.24860206669353563,2.6916876436772208e-05
44,2024,0.1,outside,287387,61194,0.24734470343644216,0.24734470343644216,0.0
44,2024,0.1,R,287387,61194,0.24775695980089035,0.24775258496555408,4.374835336273808e-06
44,2024,0.1,F,287387,61194,0.24689325984451227,0.2468709543209026,2.2305523609655875e-05
44,2024,0.25,all,287387,61194,0.24765471554060994,0.24764336164342854,1.1353897181404227e-05
44,2024,0.25,slice,287387,61194,0.2486289835699724,0.24858194803686856,4.703553310383968e-05
44,2024,0.25,outside,287387,61194,0.24734470343644216,0.24734470343644216,0.0
44,2024,0.25,R,287387,61194,0.24775695980089035,0.24775088442438667,6.075376503683616e-06
44,2024,0.25,F,287387,61194,0.24689325984451227,0.24684259459991661,5.066524459565458e-05
44,2024,0.5,all,287387,61194,0.24765471554060994,0.24764830691390893,6.408626701009945e-06
44,2024,0.5,slice,287387,61194,0.2486289835699724,0.24860243469705856,2.6548872913839672e-05
44,2024,0.5,outside,287387,61194,0.24734470343644216,0.24734470343644216,0.0
44,2024,0.5,R,287387,61194,0.24775695980089035,0.2477610147540062,-4.054953115839588e-06
44,2024,0.5,F,287387,61194,0.24689325984451227,0.24680892457008244,8.433527442983091e-05
