season,slice,parent_left,parent_right,rows,share,target_mean,prediction_mean,brier,global_brier,excess,calibration_error
2022,game_type=F & pitcher_history=0,game_type=F,pitcher_history=0,42,0.00016971616991013125,0.5952380952380952,0.6922371776698115,0.25247491215096335,0.24313201729617934,0.009342894854784012,-0.09699908243171629
2022,game_type=F & pitcher_history=101_500,game_type=F,pitcher_history=101_500,7716,0.03117928492920411,0.7069725246241576,0.6985059429745155,0.20664070241421037,0.24313201729617934,-0.03649131488196897,0.008466581649642091
2022,game_type=F & pitcher_history=1_20,game_type=F,pitcher_history=1_20,813,0.0032852201461175405,0.6654366543665436,0.6895874553266111,0.22266484784453214,0.24313201729617934,-0.0204671694516472,-0.024150800960067498
2022,game_type=F & pitcher_history=21_100,game_type=F,pitcher_history=21_100,2381,0.009621290489429108,0.6753464930701386,0.6924660194241974,0.22007874182018555,0.24313201729617934,-0.023053275475993784,-0.01711952635405878
2022,game_type=F & pitcher_history=500_plus,game_type=F,pitcher_history=500_plus,19496,0.0787806297278076,0.7155826836274107,0.7069125439664439,0.2038833943481655,0.24313201729617934,-0.039248622948013845,0.008670139660966858
2022,game_type=R & pitcher_history=0,game_type=R,pitcher_history=0,46,0.00018587961466347709,0.5,0.5170922756257881,0.24055059839985074,0.24313201729617934,-0.0025814188963285967,-0.017092275625788078
2022,game_type=R & pitcher_history=101_500,game_type=R,pitcher_history=101_500,16942,0.06846027025279627,0.49675363003187345,0.49300482662699935,0.24812398230803676,0.24313201729617934,0.004991965011857419,0.0037488034048741015
2022,game_type=R & pitcher_history=1_20,game_type=R,pitcher_history=1_20,897,0.003624652485937803,0.49944258639910816,0.4972732915710864,0.24980804381599556,0.24313201729617934,0.006676026519816219,0.0021692948280217506
2022,game_type=R & pitcher_history=21_100,game_type=R,pitcher_history=21_100,3490,0.01410260554729424,0.47793696275071634,0.48575311262644655,0.24674393206374207,0.24313201729617934,0.0036119147675627294,-0.007816149875730205
2022,game_type=R & pitcher_history=500_plus,game_type=R,pitcher_history=500_plus,195649,0.7905904506368397,0.504771299623305,0.5009651412026415,0.2483190935931379,0.24313201729617934,0.005187076296958554,0.0038061584206635635
2022,game_type=F & batter_history=0,game_type=F,batter_history=0,56,0.00022628822654684167,0.7678571428571429,0.7059121098934423,0.18444174988796266,0.24313201729617934,-0.05869026740821667,0.061945032963700575
2022,game_type=F & batter_history=101_500,game_type=F,batter_history=101_500,7772,0.03140557315575095,0.7183479155944416,0.7075958858999404,0.20279354031334562,0.24313201729617934,-0.040338476982833715,0.010752029694501175
2022,game_type=F & batter_history=1_20,game_type=F,batter_history=1_20,996,0.0040246977435831124,0.7580321285140562,0.7026970309998515,0.18655634690550668,0.24313201729617934,-0.056575670390672655,0.055335097514204734
2022,game_type=F & batter_history=21_100,game_type=F,batter_history=21_100,3122,0.012615568629986423,0.709160794362588,0.7067169764664198,0.205655652228437,0.24313201729617934,-0.03747636506774232,0.00244381789616821
2022,game_type=F & batter_history=500_plus,game_type=F,batter_history=500_plus,18502,0.07476401370660116,0.7018160198897416,0.7007288953237729,0.20920338703046026,0.24313201729617934,-0.03392863026571907,0.0010871245659687112
2022,game_type=R & batter_history=0,game_type=R,batter_history=0,32,0.00012930755802676667,0.46875,0.5359886034148347,0.2591872688103469,0.24313201729617934,0.01605525151416759,-0.06723860341483467
2022,game_type=R & batter_history=101_500,game_type=R,batter_history=101_500,14810,0.059845154199262944,0.5101282916948008,0.5014762391518138,0.24861345607318122,0.24313201729617934,0.005481438777001885,0.008652052542986954
2022,game_type=R & batter_history=1_20,game_type=R,batter_history=1_20,680,0.0027477856080687915,0.4764705882352941,0.5020656665416047,0.2454286573877682,0.24313201729617934,0.002296640091588864,-0.02559507830631058
2022,game_type=R & batter_history=21_100,game_type=R,batter_history=21_100,2766,0.011177022046938644,0.5209689081706436,0.501311664242648,0.24736798304140883,0.24313201729617934,0.004235965745229497,0.019657243927995616
2022,game_type=R & batter_history=500_plus,game_type=R,batter_history=500_plus,198736,0.8030645891252344,0.5030693985991466,0.4999541501311463,0.2482791628654921,0.24313201729617934,0.0051471455693127555,0.0031152484680002646
2022,count_family=batter_ahead & pitcher_history=101_500,count_family=batter_ahead,pitcher_history=101_500,5167,0.02087912976013448,0.5715115153861041,0.5613793103749134,0.23338640294773674,0.24313201729617934,-0.009745614348442594,0.01013220501119072
2022,count_family=batter_ahead & pitcher_history=1_20,count_family=batter_ahead,pitcher_history=1_20,389,0.0015718950022628822,0.609254498714653,0.598134656654808,0.23554198467685253,0.24313201729617934,-0.007590032619326809,0.011119842059844953
2022,count_family=batter_ahead & pitcher_history=21_100,count_family=batter_ahead,pitcher_history=21_100,1333,0.005386467964052499,0.5626406601650412,0.5717536500223586,0.22961203223437304,0.24313201729617934,-0.013519985061806294,-0.009112989857317344
2022,count_family=batter_ahead & pitcher_history=500_plus,count_family=batter_ahead,pitcher_history=500_plus,40318,0.1629194413913493,0.5199662681680639,0.5200350577032767,0.24342215397636507,0.24313201729617934,0.00029013668018573746,-6.878953521283204e-05
2022,count_family=even & pitcher_history=0,count_family=even,pitcher_history=0,88,0.00035559578457360834,0.5454545454545454,0.6006841606922537,0.24624174814469993,0.24313201729617934,0.003109730848520592,-0.05522961523770831
2022,count_family=even & pitcher_history=101_500,count_family=even,pitcher_history=101_500,8811,0.03560402793043253,0.5663375326296675,0.5609558174111303,0.23484316833602187,0.24313201729617934,-0.008288848960157469,0.005381715218537142
2022,count_family=even & pitcher_history=1_20,count_family=even,pitcher_history=1_20,614,0.0024810887696385853,0.5684039087947883,0.5923922385886751,0.23179097138676966,0.24313201729617934,-0.01134104590940968,-0.023988329793886765
2022,count_family=even & pitcher_history=21_100,count_family=even,pitcher_history=21_100,2069,0.008360541798668132,0.5625906234896085,0.5749464075814388,0.23668769332116227,0.24313201729617934,-0.006444323975017069,-0.012355784091830246
2022,count_family=even & pitcher_history=500_plus,count_family=even,pitcher_history=500_plus,77727,0.3140840175858279,0.5280147181802977,0.5229762356874168,0.2440855411906206,0.24313201729617934,0.000953523894441255,0.005038482492880858
2022,count_family=pitcher_ahead & pitcher_history=101_500,count_family=pitcher_ahead,pitcher_history=101_500,2904,0.011734660890929074,0.565771349862259,0.5591117791506451,0.2344847246780375,0.24313201729617934,-0.008647292618141844,0.006659570711613827
2022,count_family=pitcher_ahead & pitcher_history=1_20,count_family=pitcher_ahead,pitcher_history=1_20,205,0.0008283765436089739,0.5609756097560976,0.5817281706649264,0.25257065654263045,0.24313201729617934,0.009438639246451108,-0.02075256090882882
2022,count_family=pitcher_ahead & pitcher_history=21_100,count_family=pitcher_ahead,pitcher_history=21_100,657,0.002654845800737053,0.5646879756468798,0.5743771140432378,0.2409126539590653,0.24313201729617934,-0.002219363337114033,-0.009689138396357988
2022,count_family=pitcher_ahead & pitcher_history=500_plus,count_family=pitcher_ahead,pitcher_history=500_plus,27395,0.11069939225447728,0.536776784084687,0.5237944861551486,0.24416543366075216,0.24313201729617934,0.0010334163645728256,0.012982297929538422
2022,count_family=three_ball & pitcher_history=101_500,count_family=three_ball,pitcher_history=101_500,2341,0.009459656041895649,0.5570269115762495,0.5451629527105919,0.23593463061121425,0.24313201729617934,-0.007197386684965085,0.011863958865657609
2022,count_family=three_ball & pitcher_history=1_20,count_family=three_ball,pitcher_history=1_20,158,0.0006384560677571604,0.5506329113924051,0.5885828450689066,0.23081564862559786,0.24313201729617934,-0.012316368670581473,-0.03794993367650146
2022,count_family=three_ball & pitcher_history=21_100,count_family=three_ball,pitcher_history=21_100,578,0.002335617766858473,0.5397923875432526,0.5575772832355453,0.23677907320709798,0.24313201729617934,-0.006352944089081353,-0.01778489569229269
2022,count_family=three_ball & pitcher_history=500_plus,count_family=three_ball,pitcher_history=500_plus,17143,0.0692724833516519,0.4957125357288689,0.501169551514585,0.24349609827313431,0.24313201729617934,0.000364080976954978,-0.005457015785716057
2022,count_family=two_strike & pitcher_history=101_500,count_family=two_strike,pitcher_history=101_500,5435,0.02196208055860865,0.5484820607175713,0.5518020139540696,0.23730981731836037,0.24313201729617934,-0.005822199977818965,-0.003319953236498252
2022,count_family=two_strike & pitcher_history=1_20,count_family=two_strike,pitcher_history=1_20,344,0.0013900562487877417,0.5843023255813954,0.5756836141873124,0.24102613678981596,0.24313201729617934,-0.0021058805063633723,0.00861871139408299
2022,count_family=two_strike & pitcher_history=21_100,count_family=two_strike,pitcher_history=21_100,1234,0.00498642270640719,0.5502431118314425,0.5613312714043428,0.2384329114761823,0.24313201729617934,-0.004699105819997024,-0.011088159572900325
2022,count_family=two_strike & pitcher_history=500_plus,count_family=two_strike,pitcher_history=500_plus,52562,0.2123957457813409,0.523210684524942,0.5182118064520758,0.24559179762262795,0.24313201729617934,0.002459780326448613,0.004998878072866253
2022,count_family=batter_ahead & batter_history=101_500,count_family=batter_ahead,batter_history=101_500,4068,0.016438223314152713,0.5973451327433629,0.5790132696182329,0.23037347414486842,0.24313201729617934,-0.01275854315131092,0.01833186312513002
2022,count_family=batter_ahead & batter_history=1_20,count_family=batter_ahead,batter_history=1_20,326,0.0013173207473976855,0.6625766871165644,0.6239308831893183,0.20579485198658665,0.24313201729617934,-0.03733716530959269,0.038645803927246036
2022,count_family=batter_ahead & batter_history=21_100,count_family=batter_ahead,batter_history=21_100,1071,0.004327762332708347,0.6255835667600373,0.6173689806112591,0.22721635135325305,0.24313201729617934,-0.015915665942926288,0.008214586148778236
2022,count_family=batter_ahead & batter_history=500_plus,count_family=batter_ahead,batter_history=500_plus,41742,0.16867362772354044,0.5171769440850942,0.5184757012875537,0.2436467704515709,0.24313201729617934,0.0005147531553915674,-0.0012987572024595329
2022,count_family=even & batter_history=0,count_family=even,batter_history=0,88,0.00035559578457360834,0.6590909090909091,0.6441217439012212,0.21162193858701148,0.24313201729617934,-0.03151007870916786,0.014969165189687827
2022,count_family=even & batter_history=101_500,count_family=even,batter_history=101_500,8226,0.033240124135255705,0.5807196693411135,0.5763291595204686,0.2330067576201333,0.24313201729617934,-0.01012525967604605,0.004390509820644928
2022,count_family=even & batter_history=1_20,count_family=even,batter_history=1_20,600,0.002424516713001875,0.62,0.625254572273189,0.21088207096092682,0.24313201729617934,-0.03224994633525252,-0.00525457227318904
2022,count_family=even & batter_history=21_100,count_family=even,batter_history=21_100,2147,0.008675728971358376,0.631578947368421,0.6136083872712617,0.2231866742664495,0.24313201729617934,-0.019945343029729834,0.01797056009715936
2022,count_family=even & batter_history=500_plus,count_family=even,batter_history=500_plus,78248,0.3161893062649512,0.5243456701768735,0.5202429762535998,0.24478438341013511,0.24313201729617934,0.0016523661139557777,0.00410269392327367
2022,count_family=pitcher_ahead & batter_history=101_500,count_family=pitcher_ahead,batter_history=101_500,2945,0.01190033619965087,0.5796264855687606,0.5748916340943079,0.23429659228509783,0.24313201729617934,-0.008835425011081505,0.004734851474452739
2022,count_family=pitcher_ahead & batter_history=1_20,count_family=pitcher_ahead,batter_history=1_20,240,0.00096980668520075,0.6875,0.6249901430684717,0.2063775695121553,0.24313201729617934,-0.036754447784024036,0.06250985693152833
2022,count_family=pitcher_ahead & batter_history=21_100,count_family=pitcher_ahead,batter_history=21_100,772,0.0031195448373957458,0.6139896373056994,0.6065444044481685,0.2249393922065717,0.24313201729617934,-0.018192625089607645,0.007445232857530959
2022,count_family=pitcher_ahead & batter_history=500_plus,count_family=pitcher_ahead,batter_history=500_plus,27204,0.10992758776750501,0.5325687398911925,0.5204501108957628,0.2450641450557884,0.24313201729617934,0.0019321277596090758,0.012118628995429703
2022,count_family=three_ball & batter_history=101_500,count_family=three_ball,batter_history=101_500,1677,0.00677652421284024,0.5915324985092427,0.5652353005044664,0.22852820542813546,0.24313201729617934,-0.014603811868043881,0.026297198004776368
2022,count_family=three_ball & batter_history=1_20,count_family=three_ball,batter_history=1_20,111,0.00044853559190534685,0.6486486486486487,0.6133072943304276,0.22094885201533254,0.24313201729617934,-0.022183165280846795,0.03534135431822105
2022,count_family=three_ball & batter_history=21_100,count_family=three_ball,batter_history=21_100,445,0.0017981832288097238,0.5842696629213483,0.6043587018014148,0.2284752452180261,0.24313201729617934,-0.014656772078153246,-0.020089038880066523
2022,count_family=three_ball & batter_history=500_plus,count_family=three_ball,batter_history=500_plus,17987,0.07268297019460787,0.4935231000166787,0.5002577151399767,0.2440910186554197,0.24313201729617934,0.0009590013592403746,-0.006734615123298038
2022,count_family=two_strike & batter_history=101_500,count_family=two_strike,batter_history=101_500,5666,0.022895519493114372,0.5704200494175785,0.5628367840940038,0.23490267101517803,0.24313201729617934,-0.008229346281001304,0.007583265323574673
2022,count_family=two_strike & batter_history=1_20,count_family=two_strike,batter_history=1_20,399,0.001612303614146247,0.6365914786967418,0.6131878216375976,0.2131010149392595,0.24313201729617934,-0.030031002356919828,0.023403657059144267
2022,count_family=two_strike & batter_history=21_100,count_family=two_strike,batter_history=21_100,1453,0.0058713713066528735,0.6159669649002064,0.6037076225613587,0.22603000034055135,0.24313201729617934,-0.01710201695562799,0.012259342338847734
2022,count_family=two_strike & batter_history=500_plus,count_family=two_strike,batter_history=500_plus,52057,0.21035511088123102,0.5182972510901512,0.5151493273464873,0.2464857117804633,0.24313201729617934,0.0033536944842839644,0.003147923743663905
2022,hand_matchup=opposite & count_family=batter_ahead,hand_matchup=opposite,count_family=batter_ahead,24585,0.09934457231525183,0.5398006914785438,0.5331170816162668,0.24110823415442303,0.24313201729617934,-0.0020237831417563024,0.006683609862277007
2022,hand_matchup=opposite & count_family=even,hand_matchup=opposite,count_family=even,45300,0.18305101183164155,0.5395584988962473,0.5347275994282223,0.24263914402327472,0.24313201729617934,-0.0004928732729046204,0.004830899468024952
2022,hand_matchup=opposite & count_family=pitcher_ahead,hand_matchup=opposite,count_family=pitcher_ahead,15425,0.06233028383008987,0.540356564019449,0.5348197219332498,0.24307888556163448,0.24313201729617934,-5.3131734544853426e-05,0.005536842086199201
2022,hand_matchup=opposite & count_family=three_ball,hand_matchup=opposite,count_family=three_ball,10643,0.04300688562746492,0.5225970121206427,0.5172181717331228,0.2430250496039295,0.24313201729617934,-0.00010696769224982638,0.005378840387519901
2022,hand_matchup=opposite & count_family=two_strike,hand_matchup=opposite,count_family=two_strike,29659,0.11984790198487101,0.5279004686604404,0.5281176687073974,0.24458740260242745,0.24313201729617934,0.0014553853062481137,-0.00021720004695702233
2022,hand_matchup=same & count_family=batter_ahead,hand_matchup=same,count_family=batter_ahead,22622,0.09141236180254736,0.514233931571037,0.5196516178308943,0.24269537098272767,0.24313201729617934,-0.00043664631345166627,-0.0054176862598572795
2022,hand_matchup=same & count_family=even,hand_matchup=same,count_family=even,44009,0.1778342600374992,0.5260287668431457,0.5220511368653503,0.2432089472568658,0.24313201729617934,7.692996068645042e-05,0.003977629977795383
2022,hand_matchup=same & count_family=pitcher_ahead,hand_matchup=same,count_family=pitcher_ahead,15736,0.0635869916596625,0.5400991357397051,0.5223714020695289,0.24341767183880653,0.24313201729617934,0.0002856545426271895,0.017727733670176216
2022,hand_matchup=same & count_family=three_ball,hand_matchup=same,count_family=three_ball,9577,0.03869932760069826,0.4843896836169991,0.49893482837897385,0.2415566625059121,0.24313201729617934,-0.0015753547902672416,-0.014545144761974771
2022,hand_matchup=same & count_family=two_strike,hand_matchup=same,count_family=two_strike,29916,0.12088640331027349,0.5249699157641395,0.5169330436079379,0.24473513684308623,0.24313201729617934,0.0016031195469068948,0.008036872156201635
2022,inning_phase=early & game_type=F,inning_phase=early,game_type=F,10671,0.04312002974073834,0.6969356199044139,0.7004393133823478,0.21102743240939234,0.24313201729617934,-0.032104584886786997,-0.003503693477933889
2022,inning_phase=early & game_type=R,inning_phase=early,game_type=R,72677,0.29367766858472877,0.5103265132022511,0.5068218980231123,0.2483045913636108,0.24313201729617934,0.005172574067431462,0.0035046151791388036
2022,inning_phase=extras & game_type=F,inning_phase=extras,game_type=F,80,0.00032326889506691667,0.625,0.7050494872268213,0.2408909540017572,0.24313201729617934,-0.002241063294422141,-0.08004948722682126
2022,inning_phase=extras & game_type=R,inning_phase=extras,game_type=R,3826,0.01546033490657529,0.47621536853110297,0.49184427338563835,0.2493283158330617,0.24313201729617934,0.006196298536882361,-0.015628904854535386
2022,inning_phase=late & game_type=F,inning_phase=late,game_type=F,9481,0.03831140492661796,0.7159582322539817,0.7048911335195385,0.20368194569060868,0.24313201729617934,-0.03945007160557065,0.011067098734443226
2022,inning_phase=late & game_type=R,inning_phase=late,game_type=R,68186,0.2755301609879097,0.49567359868594724,0.4917619910051742,0.24803892100445443,0.24313201729617934,0.0049069037082750955,0.003911607680773033
2022,inning_phase=middle & game_type=F,inning_phase=middle,game_type=F,10216,0.04128143790004526,0.7150548159749412,0.7044091874581938,0.2038698838359692,0.24313201729617934,-0.039262133460210125,0.01064562851674744
2022,inning_phase=middle & game_type=R,inning_phase=middle,game_type=R,72335,0.29229569405831773,0.506034423169973,0.5016044935767828,0.24843621380905828,0.24313201729617934,0.005304196512878945,0.004429929593190218
2023,game_type=F & pitcher_history=0,game_type=F,pitcher_history=0,35,0.00014255167498218105,0.42857142857142855,0.6589638567495169,0.293482709977748,0.2523470643919594,0.04113564558578858,-0.2303924281780883
2023,game_type=F & pitcher_history=101_500,game_type=F,pitcher_history=101_500,5536,0.02254760207718155,0.4559248554913295,0.6566440575679844,0.28686840748896725,0.2523470643919594,0.03452134309700783,-0.2007192020766549
2023,game_type=F & pitcher_history=1_20,game_type=F,pitcher_history=1_20,687,0.002798085734650239,0.4585152838427948,0.6543874069170038,0.28598845534598116,0.2523470643919594,0.033641390954021744,-0.19587212307420904
2023,game_type=F & pitcher_history=21_100,game_type=F,pitcher_history=21_100,1829,0.007449343244068832,0.45434663750683435,0.6485998639717971,0.2842433487661577,0.2523470643919594,0.03189628437419828,-0.1942532264649628
2023,game_type=F & pitcher_history=500_plus,game_type=F,pitcher_history=500_plus,17599,0.07167905508604012,0.48082277402125123,0.6753100589846632,0.28656894209334993,0.2523470643919594,0.03422187770139051,-0.194487284963412
2023,game_type=R & pitcher_history=0,game_type=R,pitcher_history=0,28,0.00011404133998574483,0.42857142857142855,0.5143159774887007,0.2482403553371452,0.2523470643919594,-0.004106709054814223,-0.08574454891727218
2023,game_type=R & pitcher_history=101_500,game_type=R,pitcher_history=101_500,14375,0.0585480093676815,0.48556521739130437,0.4805404570252292,0.24834099186745556,0.2523470643919594,-0.004006072524503856,0.005024760366075187
2023,game_type=R & pitcher_history=1_20,game_type=R,pitcher_history=1_20,572,0.002329701659708787,0.5122377622377622,0.5036030675766626,0.250006054264937,0.2523470643919594,-0.002341010127022425,0.008634694661099562
2023,game_type=R & pitcher_history=21_100,game_type=R,pitcher_history=21_100,2865,0.011668872823541392,0.4617801047120419,0.4804623674655447,0.24605830000022344,0.2523470643919594,-0.006288764391735979,-0.01868226275350282
2023,game_type=R & pitcher_history=500_plus,game_type=R,pitcher_history=500_plus,201999,0.8227227369921597,0.5049381432581349,0.4930778110313285,0.24839054965582272,0.2523470643919594,-0.0039565147361367015,0.011860332226806436
2023,game_type=F & batter_history=0,game_type=F,batter_history=0,47,0.00019142653497607168,0.5106382978723404,0.6996897912798873,0.28229874508124286,0.2523470643919594,0.029951680689283444,-0.1890514934075469
2023,game_type=F & batter_history=101_500,game_type=F,batter_history=101_500,6890,0.028062315446492212,0.46923076923076923,0.6698732115534438,0.2882865833567974,0.2523470643919594,0.03593951896483799,-0.20064244232267459
2023,game_type=F & batter_history=1_20,game_type=F,batter_history=1_20,903,0.0036778332145402707,0.48283499446290146,0.67995611931791,0.2863389597320151,0.2523470643919594,0.0339918953400557,-0.19712112485500854
2023,game_type=F & batter_history=21_100,game_type=F,batter_history=21_100,2949,0.012010996843498625,0.47677178704645645,0.672111814216075,0.2866991066852521,0.2523470643919594,0.034352042293292695,-0.19534002716961857
2023,game_type=F & batter_history=500_plus,game_type=F,batter_history=500_plus,14897,0.06067406577741574,0.473115392360878,0.666879928968881,0.28559139543028994,0.2523470643919594,0.03324433103833052,-0.19376453660800302
2023,game_type=R & batter_history=0,game_type=R,batter_history=0,24,9.774971998778128e-05,0.5,0.5052564362513398,0.24674158603707044,0.2523470643919594,-0.005605478354888976,-0.005256436251339758
2023,game_type=R & batter_history=101_500,game_type=R,batter_history=101_500,11229,0.04573465023928317,0.4915842906759284,0.4916546901602711,0.2482177654782983,0.2523470643919594,-0.0041292989136611224,-7.039948434267584e-05
2023,game_type=R & batter_history=1_20,game_type=R,batter_history=1_20,373,0.0015191935648101009,0.42359249329758714,0.49314553999944954,0.24677713669566845,0.2523470643919594,-0.005569927696290972,-0.06955304670186241
2023,game_type=R & batter_history=21_100,game_type=R,batter_history=21_100,1818,0.0074045412890744325,0.48734873487348734,0.4950902507645505,0.24847562444528207,0.2523470643919594,-0.003871439946677352,-0.007741515891063144
2023,game_type=R & batter_history=500_plus,game_type=R,batter_history=500_plus,206395,0.8406272273699216,0.5040286828653795,0.49211970383234993,0.24837093910541008,0.2523470643919594,-0.003976125286549337,0.011908979033029565
2023,count_family=batter_ahead & pitcher_history=101_500,count_family=batter_ahead,pitcher_history=101_500,4195,0.017085836472864272,0.4731823599523242,0.5289063006399795,0.25754693720149613,0.2523470643919594,0.00519987280953671,-0.05572394068765524
2023,count_family=batter_ahead & pitcher_history=1_20,count_family=batter_ahead,pitcher_history=1_20,336,0.001368496079828938,0.5148809523809523,0.5971918389870484,0.2664220272112918,0.2523470643919594,0.014074962819332404,-0.08231088660609609
2023,count_family=batter_ahead & pitcher_history=21_100,count_family=batter_ahead,pitcher_history=21_100,982,0.003999592709500051,0.46741344195519346,0.545470417902551,0.26344627875220283,0.2523470643919594,0.011099214360243415,-0.07805697594735755
2023,count_family=batter_ahead & pitcher_history=500_plus,count_family=batter_ahead,pitcher_history=500_plus,42331,0.17241014153344872,0.4986180340648697,0.5063735782312293,0.25093630450787763,0.2523470643919594,-0.0014107598840817914,-0.007755544166359596
2023,count_family=even & pitcher_history=0,count_family=even,pitcher_history=0,63,0.0002565930149679259,0.42857142857142855,0.5946759104113765,0.27337499680414673,0.2523470643919594,0.02102793241218731,-0.16610448183994792
2023,count_family=even & pitcher_history=101_500,count_family=even,pitcher_history=101_500,7134,0.029056104266367986,0.47462853938884214,0.5329052920912002,0.25965167511451215,0.2523470643919594,0.007304610722552729,-0.05827675270235805
2023,count_family=even & pitcher_history=1_20,count_family=even,pitcher_history=1_20,422,0.0017187659097851543,0.4597156398104265,0.5851038345816386,0.27475569963621593,0.2523470643919594,0.022408635244256514,-0.1253881947712121
2023,count_family=even & pitcher_history=21_100,count_family=even,pitcher_history=21_100,1626,0.0066225435291721825,0.4440344403444034,0.5494495967066011,0.26012566874907844,0.2523470643919594,0.007778604357119023,-0.10541515636219767
2023,count_family=even & pitcher_history=500_plus,count_family=even,pitcher_history=500_plus,79186,0.3225170552896854,0.507602353951456,0.5115604865275273,0.2516273609097542,0.2523470643919594,-0.0007197034822052362,-0.003958132576071249
2023,count_family=pitcher_ahead & pitcher_history=101_500,count_family=pitcher_ahead,pitcher_history=101_500,2338,0.009522451888809694,0.5102651839178786,0.5350228175805155,0.25729786259308524,0.2523470643919594,0.004950798201125817,-0.024757633662636946
2023,count_family=pitcher_ahead & pitcher_history=1_20,count_family=pitcher_ahead,pitcher_history=1_20,139,0.0005661337949292332,0.5251798561151079,0.581852745259821,0.2532847635949694,0.2523470643919594,0.0009376992030099562,-0.056672889144713134
2023,count_family=pitcher_ahead & pitcher_history=21_100,count_family=pitcher_ahead,pitcher_history=21_100,519,0.00211383769473577,0.47398843930635837,0.5530963890572423,0.26299744806117065,0.2523470643919594,0.010650383669211227,-0.07910794975088398
2023,count_family=pitcher_ahead & pitcher_history=500_plus,count_family=pitcher_ahead,pitcher_history=500_plus,27331,0.11131656654108543,0.5128608539753393,0.513901538171976,0.2515664625458785,0.2523470643919594,-0.0007806018460809194,-0.0010406841966367208
2023,count_family=three_ball & pitcher_history=101_500,count_family=three_ball,pitcher_history=101_500,1885,0.0076774259240403216,0.4509283819628647,0.5135620374135433,0.2604549510063523,0.2523470643919594,0.008107886614392878,-0.06263365545067862
2023,count_family=three_ball & pitcher_history=1_20,count_family=three_ball,pitcher_history=1_20,130,0.0005294776499338153,0.46923076923076923,0.5930634944789117,0.27276113648958505,0.2523470643919594,0.020414072097625635,-0.12383272524814248
2023,count_family=three_ball & pitcher_history=21_100,count_family=three_ball,pitcher_history=21_100,498,0.0020283066897464615,0.43172690763052207,0.5349759172654656,0.25817996640966473,0.2523470643919594,0.00583290201770531,-0.10324900963494349
2023,count_family=three_ball & pitcher_history=500_plus,count_family=three_ball,pitcher_history=500_plus,18048,0.07350778943081153,0.4762854609929078,0.4843829343505223,0.25027633729044135,0.2523470643919594,-0.002070727101518066,-0.008097473357614515
2023,count_family=two_strike & pitcher_history=101_500,count_family=two_strike,pitcher_history=101_500,4359,0.017753792892780777,0.4794677678366598,0.52844562960379,0.25985795474576345,0.2523470643919594,0.007510890353804034,-0.04897786176713026
2023,count_family=two_strike & pitcher_history=1_20,count_family=two_strike,pitcher_history=1_20,232,0.0009449139598818858,0.46120689655172414,0.5693062122386173,0.2730486878853839,0.2523470643919594,0.02070162349342447,-0.10809931568689318
2023,count_family=two_strike & pitcher_history=21_100,count_family=two_strike,pitcher_history=21_100,1069,0.004353935444455758,0.47895229186155286,0.54282676019556,0.26014989004445016,0.2523470643919594,0.007802825652490741,-0.06387446833400712
2023,count_family=two_strike & pitcher_history=500_plus,count_family=two_strike,pitcher_history=500_plus,52702,0.21465023928316873,0.5036621001100527,0.5076598936165035,0.25193864030673113,0.2523470643919594,-0.0004084240852282872,-0.0039977935064507975
2023,count_family=batter_ahead & batter_history=101_500,count_family=batter_ahead,batter_history=101_500,3440,0.01401079319824865,0.4799418604651163,0.5644976339536238,0.26338936792472295,0.2523470643919594,0.011042303532763531,-0.08455577348850757
2023,count_family=batter_ahead & batter_history=1_20,count_family=batter_ahead,batter_history=1_20,236,0.0009612055798798493,0.5084745762711864,0.6310243826473259,0.2593191043039145,0.2523470643919594,0.006972039911955108,-0.12254980637613944
2023,count_family=batter_ahead & batter_history=21_100,count_family=batter_ahead,batter_history=21_100,879,0.0035800834945524896,0.4630261660978385,0.6038902557386645,0.2746948227018561,0.2523470643919594,0.02234775830989666,-0.14086408964082603
2023,count_family=batter_ahead & batter_history=500_plus,count_family=batter_ahead,batter_history=500_plus,43289,0.176311984522961,0.4977245951627434,0.5028704088722613,0.25046318166576265,0.2523470643919594,-0.0018838827261967728,-0.005145813709517888
2023,count_family=even & batter_history=0,count_family=even,batter_history=0,71,0.00028917625496385297,0.5070422535211268,0.6339658402843218,0.27027942371419866,0.2523470643919594,0.017932359322239244,-0.12692358676319504
2023,count_family=even & batter_history=101_500,count_family=even,batter_history=101_500,6640,0.02704408919661949,0.48177710843373495,0.5621582241118563,0.2636553285677869,0.2523470643919594,0.011308264175827476,-0.0803811156781214
2023,count_family=even & batter_history=1_20,count_family=even,batter_history=1_20,476,0.0019387027797576621,0.4579831932773109,0.6337440654794328,0.2765393447229423,0.2523470643919594,0.024192280330982863,-0.17576087220212194
2023,count_family=even & batter_history=21_100,count_family=even,batter_history=21_100,1745,0.007107219224111598,0.4808022922636103,0.6066613367897693,0.27322804039560833,0.2523470643919594,0.02088097600364891,-0.12585904452615898
2023,count_family=even & batter_history=500_plus,count_family=even,batter_history=500_plus,79499,0.323791874554526,0.5060692587328143,0.507552674802355,0.2510166950445364,0.2523470643919594,-0.0013303693474230327,-0.0014834160695407217
2023,count_family=pitcher_ahead & batter_history=101_500,count_family=pitcher_ahead,batter_history=101_500,2302,0.009375827308828022,0.5013032145960035,0.5605215090276666,0.26107249730012694,0.2523470643919594,0.008725432908167519,-0.059218294431663154
2023,count_family=pitcher_ahead & batter_history=1_20,count_family=pitcher_ahead,batter_history=1_20,210,0.0008553100498930863,0.5,0.6258794609069899,0.2718343488514585,0.2523470643919594,0.0194872844594991,-0.12587946090698987
2023,count_family=pitcher_ahead & batter_history=21_100,count_family=pitcher_ahead,batter_history=21_100,625,0.002545565624681804,0.4592,0.6137695704816437,0.27580150488148886,0.2523470643919594,0.023454440489529438,-0.15456957048164371
2023,count_family=pitcher_ahead & batter_history=500_plus,count_family=pitcher_ahead,batter_history=500_plus,27190,0.11074228693615722,0.5142699521883045,0.509705761775291,0.2507678413266957,0.2523470643919594,-0.0015792230652637018,0.00456419041301348
2023,count_family=three_ball & batter_history=101_500,count_family=three_ball,batter_history=101_500,1341,0.005461765604317279,0.453392990305742,0.5528926619477499,0.2650815309137389,0.2523470643919594,0.012734466521779508,-0.0994996716420079
2023,count_family=three_ball & batter_history=1_20,count_family=three_ball,batter_history=1_20,73,0.00029732206496283474,0.3972602739726027,0.5981300407324037,0.28036998425840054,0.2523470643919594,0.02802291986644112,-0.200869766759801
2023,count_family=three_ball & batter_history=21_100,count_family=three_ball,batter_history=21_100,348,0.0014173709398228285,0.49712643678160917,0.5935950294668403,0.26751014482723834,0.2523470643919594,0.01516308043527892,-0.09646859268523111
2023,count_family=three_ball & batter_history=500_plus,count_family=three_ball,batter_history=500_plus,18799,0.07656654108542918,0.47406776956221075,0.4820501238291056,0.2501698290799751,0.2523470643919594,-0.002177235311984327,-0.007982354266894864
2023,count_family=two_strike & batter_history=101_500,count_family=two_strike,batter_history=101_500,4396,0.01790449037776194,0.4870336669699727,0.5527445179836437,0.26395309799653727,0.2523470643919594,0.011606033604577848,-0.06571085101367097
2023,count_family=two_strike & batter_history=1_20,count_family=two_strike,batter_history=1_20,281,0.0011444863048569393,0.43416370106761565,0.6130304374624739,0.2855078071600715,0.2523470643919594,0.033160742768112095,-0.17886673639485823
2023,count_family=two_strike & batter_history=21_100,count_family=two_strike,batter_history=21_100,1170,0.004765298849404338,0.5008547008547009,0.6004369202694332,0.2679446156070544,0.2523470643919594,0.015597551215094985,-0.09958221941473233
2023,count_family=two_strike & batter_history=500_plus,count_family=two_strike,batter_history=500_plus,52515,0.21388860604826393,0.5027896791392935,0.5039685691709037,0.25131444085240495,0.2523470643919594,-0.001032623539554467,-0.0011788900316102024
2023,hand_matchup=opposite & count_family=batter_ahead,hand_matchup=opposite,count_family=batter_ahead,24639,0.10035230628245596,0.5128454888591257,0.515690807495836,0.2513491831585254,0.2523470643919594,-0.0009978812334340281,-0.0028453186367102257
2023,hand_matchup=opposite & count_family=even,hand_matchup=opposite,count_family=even,44549,0.1814438448223195,0.5156793642954949,0.5199371066336518,0.2522360631789879,0.2523470643919594,-0.00011100121297152876,-0.0042577423381569
2023,hand_matchup=opposite & count_family=pitcher_ahead,hand_matchup=opposite,count_family=pitcher_ahead,15024,0.061191324712351086,0.5248269435569755,0.521783864164831,0.25198975673093293,0.2523470643919594,-0.0003573076610264847,0.003043079392144432
2023,hand_matchup=opposite & count_family=three_ball,hand_matchup=opposite,count_family=three_ball,10835,0.04412992566948376,0.49709275496077526,0.5004351044281328,0.2509011525667846,0.2523470643919594,-0.0014459118251748393,-0.0033423494673575083
2023,hand_matchup=opposite & count_family=two_strike,hand_matchup=opposite,count_family=two_strike,29138,0.11867630587516546,0.5095408058205779,0.5154408398237369,0.2526309589748748,0.2523470643919594,0.0002838945829153894,-0.0059000340031589715
2023,hand_matchup=same & count_family=batter_ahead,hand_matchup=same,count_family=batter_ahead,23205,0.09451176051318604,0.47782805429864256,0.5035235713717275,0.2524466119680239,0.2523470643919594,9.954757606450704e-05,-0.025695517073084984
2023,hand_matchup=same & count_family=even,hand_matchup=same,count_family=even,43882,0.1787272171876591,0.4911125290551935,0.5087571286932943,0.2528824743661897,0.2523470643919594,0.0005354099742302942,-0.017644599638100777
2023,hand_matchup=same & count_family=pitcher_ahead,hand_matchup=same,count_family=pitcher_ahead,15303,0.06232766520720904,0.499509900019604,0.5113363438267611,0.2524298205019898,0.2523470643919594,8.275611003039085e-05,-0.011826443807157083
2023,hand_matchup=same & count_family=three_ball,hand_matchup=same,count_family=three_ball,9726,0.039613074025048364,0.44581534032490233,0.4761988015920623,0.2522582254800953,0.2523470643919594,-8.883891186411974e-05,-0.03038346126715996
2023,hand_matchup=same & count_family=two_strike,hand_matchup=same,count_family=two_strike,29224,0.11902657570512168,0.4929509991787572,0.504777986241591,0.2528975394066231,0.2523470643919594,0.0005504750146636539,-0.011826987062833805
2023,inning_phase=early & game_type=F,inning_phase=early,game_type=F,8906,0.036273291925465835,0.4747361329440826,0.6658927729019193,0.28463121666055846,0.2523470643919594,0.03228415226859904,-0.19115663995783666
2023,inning_phase=early & game_type=R,inning_phase=early,game_type=R,73316,0.29860910294267384,0.5096841071525997,0.497837002165263,0.24831623199988972,0.2523470643919594,-0.004030832392069694,0.01184710498733671
2023,inning_phase=extras & game_type=F,inning_phase=extras,game_type=F,141,0.0005742796049282151,0.44680851063829785,0.6638887164627447,0.29071359394523594,0.2523470643919594,0.03836652955327652,-0.21708020582444687
2023,inning_phase=extras & game_type=R,inning_phase=extras,game_type=R,4258,0.017342429487832198,0.5143259746359793,0.4893537600715483,0.2498014963240722,0.2523470643919594,-0.0025455680678872217,0.024972214564430995
2023,inning_phase=late & game_type=F,inning_phase=late,game_type=F,7627,0.031064046431116994,0.480923036580569,0.6710451319915608,0.2843733930532359,0.2523470643919594,0.03202632866127647,-0.1901220954109918
2023,inning_phase=late & game_type=R,inning_phase=late,game_type=R,68751,0.28001629161999797,0.49616732847522216,0.4843452505019999,0.24880313755392242,0.2523470643919594,-0.0035439268380370037,0.011822077973222267
2023,inning_phase=middle & game_type=F,inning_phase=middle,game_type=F,9012,0.03670501985541187,0.4647137150466045,0.6698590434226261,0.28997173359773165,0.2523470643919594,0.03762466920577223,-0.20514532837602162
2023,inning_phase=middle & game_type=R,inning_phase=middle,game_type=R,73514,0.29941553813257304,0.5024213075060533,0.4938606799612486,0.2479090169748524,0.2523470643919594,-0.004438047417107016,0.008560627544804689
2024,game_type=F & pitcher_history=0,game_type=F,pitcher_history=0,44,0.00017356522699570425,0.36363636363636365,0.46624871434698173,0.23768672549754036,0.24765471554060994,-0.009967990043069586,-0.10261235071061808
2024,game_type=F & pitcher_history=101_500,game_type=F,pitcher_history=101_500,6927,0.027324689259073713,0.45041143352100477,0.4558373044496522,0.2456190712003063,0.24765471554060994,-0.0020356443403036495,-0.005425870928647436
2024,game_type=F & pitcher_history=1_20,game_type=F,pitcher_history=1_20,867,0.0034200239046653542,0.4405997693194925,0.450666735042046,0.24502559992259948,0.24765471554060994,-0.0026291156180104636,-0.0100669657225535
2024,game_type=F & pitcher_history=21_100,game_type=F,pitcher_history=21_100,3075,0.012129842568449786,0.4478048780487805,0.44285779568576555,0.24730434096216547,0.24765471554060994,-0.0003503745784444734,0.004947082363014943
2024,game_type=F & pitcher_history=500_plus,game_type=F,pitcher_history=500_plus,19097,0.07533125318038555,0.46541341571974654,0.473297833957441,0.24739525382080152,0.24765471554060994,-0.0002594617198084237,-0.00788441823769448
2024,game_type=R & pitcher_history=0,game_type=R,pitcher_history=0,37,0.00014595257724638768,0.4594594594594595,0.5017600923700851,0.2511549167688054,0.24765471554060994,0.003500201228195471,-0.042300632910625635
2024,game_type=R & pitcher_history=101_500,game_type=R,pitcher_history=101_500,17174,0.0677456638278233,0.4761849307092116,0.48396995114791014,0.24775638337071593,0.24765471554060994,0.00010166783010598368,-0.007785020438698553
2024,game_type=R & pitcher_history=1_20,game_type=R,pitcher_history=1_20,742,0.0029269408734275584,0.4582210242587601,0.48780619494438704,0.24593570679766696,0.24765471554060994,-0.001719008742942979,-0.029585170685626938
2024,game_type=R & pitcher_history=21_100,game_type=R,pitcher_history=21_100,3224,0.012717597541685239,0.47425558312655086,0.4852638354005668,0.24761761484812153,0.24765471554060994,-3.710069248841208e-05,-0.011008252274015917
2024,game_type=R & pitcher_history=500_plus,game_type=R,pitcher_history=500_plus,202320,0.7980844710402474,0.49122182680901544,0.4938747004618444,0.2477652871687241,0.24765471554060994,0.00011057162811414778,-0.0026528736528289576
2024,game_type=F & batter_history=0,game_type=F,batter_history=0,69,0.0002721818332432635,0.5217391304347826,0.49234491581115863,0.2523053229876407,0.24765471554060994,0.004650607447030747,0.02939421462362396
2024,game_type=F & batter_history=101_500,game_type=F,batter_history=101_500,7463,0.029439029297021385,0.4625485729599357,0.4640501467122857,0.24727155165804454,0.24765471554060994,-0.00038316388256540157,-0.0015015737523500494
2024,game_type=F & batter_history=1_20,game_type=F,batter_history=1_20,1396,0.005506751292863708,0.4491404011461318,0.4726010305770806,0.24585289061399657,0.24765471554060994,-0.0018018249266133768,-0.023460629430948787
2024,game_type=F & batter_history=21_100,game_type=F,batter_history=21_100,3455,0.013628814983412688,0.447178002894356,0.46728334690720225,0.24495452491640612,0.24765471554060994,-0.0027001906242038187,-0.02010534401284625
2024,game_type=F & batter_history=500_plus,game_type=F,batter_history=500_plus,17627,0.06953259673302907,0.4608271401826743,0.4650701435921993,0.24717430939696805,0.24765471554060994,-0.0004804061436418927,-0.0042430034095249924
2024,game_type=R & batter_history=0,game_type=R,batter_history=0,19,7.494862074814503e-05,0.42105263157894735,0.5143732036555795,0.27582952671484656,0.24765471554060994,0.02817481117423662,-0.09332057207663214
2024,game_type=R & batter_history=101_500,game_type=R,batter_history=101_500,9838,0.03880760689053951,0.48475299857694654,0.4909545957402869,0.24797463084083635,0.24765471554060994,0.00031991530022640324,-0.006201597163340344
2024,game_type=R & batter_history=1_20,game_type=R,batter_history=1_20,298,0.0011755099464709061,0.5167785234899329,0.5056106667442942,0.24760680861139026,0.24765471554060994,-4.7906929219687644e-05,0.011167856745638693
2024,game_type=R & batter_history=21_100,game_type=R,batter_history=21_100,1531,0.006039280966600528,0.45917700849118226,0.49143259030005926,0.24640903812347506,0.24765471554060994,-0.0012456774171348828,-0.032255581808877
2024,game_type=R & batter_history=500_plus,game_type=R,batter_history=500_plus,211811,0.8355232794360709,0.49012563086902944,0.4930555900574137,0.24775428565592258,0.24765471554060994,9.95701153126416e-05,-0.0029299591883842346
2024,count_family=batter_ahead & pitcher_history=101_500,count_family=batter_ahead,pitcher_history=101_500,4929,0.01944325008776878,0.45729356867518767,0.4749874053710069,0.24678788949941025,0.24765471554060994,-0.0008668260411996975,-0.017693836695819254
2024,count_family=batter_ahead & pitcher_history=1_20,count_family=batter_ahead,pitcher_history=1_20,395,0.001558142378711436,0.42025316455696204,0.46848002656224563,0.24174628830875555,0.24765471554060994,-0.005908427231854391,-0.04822686200528359
2024,count_family=batter_ahead & pitcher_history=21_100,count_family=batter_ahead,pitcher_history=21_100,1323,0.005218790802620835,0.4436885865457294,0.4620246746365713,0.24574846118363305,0.24765471554060994,-0.0019062543569768886,-0.018336088090841918
2024,count_family=batter_ahead & pitcher_history=500_plus,count_family=batter_ahead,pitcher_history=500_plus,42629,0.16815709230908812,0.4809167468155481,0.49098953335739504,0.24736054460983664,0.24765471554060994,-0.00029417093077330203,-0.010072786541846956
2024,count_family=even & pitcher_history=0,count_family=even,pitcher_history=0,81,0.00031951780424209193,0.4074074074074074,0.48246996109827583,0.24383886225108126,0.24765471554060994,-0.0038158532895286867,-0.07506255369086845
2024,count_family=even & pitcher_history=101_500,count_family=even,pitcher_history=101_500,8548,0.03371899000816545,0.47613476836686947,0.4795676884171025,0.24723650661435348,0.24765471554060994,-0.00041820892625646366,-0.003432920050233046
2024,count_family=even & pitcher_history=1_20,count_family=even,pitcher_history=1_20,548,0.0021616760089464985,0.46167883211678834,0.47191104264526984,0.2461096255332687,0.24765471554060994,-0.0015450900073412377,-0.0102322105284815
2024,count_family=even & pitcher_history=21_100,count_family=even,pitcher_history=21_100,2264,0.008930719861778964,0.45980565371024734,0.46885134008957363,0.24626897494267205,0.24765471554060994,-0.00138574059793789,-0.00904568637932629
2024,count_family=even & pitcher_history=500_plus,count_family=even,pitcher_history=500_plus,79189,0.3123740172855187,0.4883759107956913,0.4955434603317169,0.24769538287737702,0.24765471554060994,4.0667336767080675e-05,-0.007167549536025608
2024,count_family=pitcher_ahead & pitcher_history=101_500,count_family=pitcher_ahead,pitcher_history=101_500,2881,0.011364577703968726,0.46754599097535576,0.4821245614397763,0.24766748143679576,0.24765471554060994,1.2765896185817915e-05,-0.014578570464420515
2024,count_family=pitcher_ahead & pitcher_history=1_20,count_family=pitcher_ahead,pitcher_history=1_20,186,0.0007337075504818408,0.40860215053763443,0.47453010015166436,0.2465974622633385,0.24765471554060994,-0.001057253277271436,-0.06592794961402992
2024,count_family=pitcher_ahead & pitcher_history=21_100,count_family=pitcher_ahead,pitcher_history=21_100,710,0.0028007116174306825,0.46901408450704224,0.47129388943864403,0.24997101946566358,0.24765471554060994,0.0023163039250536366,-0.002279804931601792
2024,count_family=pitcher_ahead & pitcher_history=500_plus,count_family=pitcher_ahead,pitcher_history=500_plus,27625,0.10897134990355296,0.5059909502262443,0.49793047328204465,0.24769764087403728,0.24765471554060994,4.2925333427340506e-05,0.008060476944199646
2024,count_family=three_ball & pitcher_history=101_500,count_family=three_ball,pitcher_history=101_500,2205,0.008697984671034725,0.4453514739229025,0.45706804223925507,0.24456166113524935,0.24765471554060994,-0.00309305440536059,-0.011716568316352594
2024,count_family=three_ball & pitcher_history=1_20,count_family=three_ball,pitcher_history=1_20,169,0.0006666482582335005,0.4911242603550296,0.46123890911815596,0.24628418384509115,0.24765471554060994,-0.0013705316955187896,0.029885351236873636
2024,count_family=three_ball & pitcher_history=21_100,count_family=three_ball,pitcher_history=21_100,574,0.0022642372794439603,0.46689895470383275,0.4493842674091849,0.24746798575622708,0.24765471554060994,-0.0001867297843828608,0.017514687294647835
2024,count_family=three_ball & pitcher_history=500_plus,count_family=three_ball,pitcher_history=500_plus,18057,0.07122880236048709,0.462922966162707,0.468911297364416,0.24605895035969388,0.24765471554060994,-0.001595765180916059,-0.005988331201708996
2024,count_family=two_strike & pitcher_history=101_500,count_family=two_strike,pitcher_history=101_500,5538,0.021845550615959324,0.477609245214879,0.47524224135578025,0.24806569005209037,0.24765471554060994,0.00041097451148042197,0.0023670038590987708
2024,count_family=two_strike & pitcher_history=1_20,count_family=two_strike,pitcher_history=1_20,311,0.0012267905817196368,0.4630225080385852,0.4592007067502132,0.24782789662949053,0.24765471554060994,0.0001731810888805918,0.0038218012883720065
2024,count_family=two_strike & pitcher_history=21_100,count_family=two_strike,pitcher_history=21_100,1428,0.005632980548860584,0.4740896358543417,0.4628676593584512,0.2497029535491255,0.24765471554060994,0.002048238008515557,0.011221976495890518
2024,count_family=two_strike & pitcher_history=500_plus,count_family=two_strike,pitcher_history=500_plus,53917,0.21268446236198607,0.4963184153420999,0.4926990302483286,0.24866301788958012,0.24765471554060994,0.0010083023489701748,0.003619385093771299
2024,count_family=batter_ahead & batter_history=101_500,count_family=batter_ahead,batter_history=101_500,3319,0.013092340645425965,0.46670683940946067,0.4771301975179281,0.24685519982636459,0.24765471554060994,-0.0007995157142453579,-0.010423358108467451
2024,count_family=batter_ahead & batter_history=1_20,count_family=batter_ahead,batter_history=1_20,336,0.001325407187967196,0.5208333333333334,0.4776169911794453,0.24984532190926384,0.24765471554060994,0.002190606368653897,0.04321634215388809
2024,count_family=batter_ahead & batter_history=21_100,count_family=batter_ahead,batter_history=21_100,978,0.0038578816364045173,0.4100204498977505,0.47425980672239026,0.24244738333247837,0.24765471554060994,-0.0052073322081315765,-0.06423935682463977
2024,count_family=batter_ahead & batter_history=500_plus,count_family=batter_ahead,batter_history=500_plus,44643,0.1761016461083915,0.47897766727146474,0.48966273476311095,0.2473263710830106,0.24765471554060994,-0.0003283444575993555,-0.010685067491646216
2024,count_family=even & batter_history=0,count_family=even,batter_history=0,88,0.0003471304539914085,0.5,0.49710102341393125,0.257384412428742,0.24765471554060994,0.00972969688813205,0.0028989765860687466
2024,count_family=even & batter_history=101_500,count_family=even,batter_history=101_500,6233,0.02458709226964147,0.4785817423391625,0.4818476641873802,0.2479888835586888,0.24765471554060994,0.00033416801807886753,-0.0032659218482176677
2024,count_family=even & batter_history=1_20,count_family=even,batter_history=1_20,639,0.002520640455687614,0.42566510172143973,0.4796136091796084,0.24260575847036725,0.24765471554060994,-0.005048957070242693,-0.05394850745816865
2024,count_family=even & batter_history=21_100,count_family=even,batter_history=21_100,1844,0.007273960876819969,0.46800433839479394,0.47665308285255725,0.24704377566687685,0.24765471554060994,-0.0006109398737330907,-0.008648744457763313
2024,count_family=even & batter_history=500_plus,count_family=even,batter_history=500_plus,81826,0.3227760969125113,0.48773006134969327,0.4945564939138274,0.24761519533661133,0.24765471554060994,-3.952020399861089e-05,-0.006826432564134122
2024,count_family=pitcher_ahead & batter_history=101_500,count_family=pitcher_ahead,batter_history=101_500,2174,0.008575700079287752,0.4659613615455382,0.48516662433595487,0.24888222750749595,0.24765471554060994,0.0012275119668860024,-0.019205262790416677
2024,count_family=pitcher_ahead & batter_history=1_20,count_family=pitcher_ahead,batter_history=1_20,243,0.0009585534127262758,0.43621399176954734,0.48192233928911327,0.24842957779424635,0.24765471554060994,0.0007748622536364047,-0.04570834751956593
2024,count_family=pitcher_ahead & batter_history=21_100,count_family=pitcher_ahead,batter_history=21_100,620,0.002445691834939469,0.4645161290322581,0.477899924856244,0.24443281493722652,0.24765471554060994,-0.0032219006033834263,-0.013383795823985911
2024,count_family=pitcher_ahead & batter_history=500_plus,count_family=pitcher_ahead,batter_history=500_plus,28365,0.11189040144848071,0.5050943063634761,0.49705813935799875,0.24771856864797856,0.24765471554060994,6.38531073686166e-05,0.008036167005477324
2024,count_family=three_ball & batter_history=101_500,count_family=three_ball,batter_history=101_500,1346,0.0053095180803685894,0.45319465081723626,0.4631319501844735,0.2456945705919913,0.24765471554060994,-0.001960144948618653,-0.009937299367237251
2024,count_family=three_ball & batter_history=1_20,count_family=three_ball,batter_history=1_20,101,0.0003984110892401393,0.45544554455445546,0.4696705740186112,0.23950477919899096,0.24765471554060994,-0.00814993634161898,-0.014225029464155714
2024,count_family=three_ball & batter_history=21_100,count_family=three_ball,batter_history=21_100,374,0.0014753044294634862,0.4090909090909091,0.4616294899675538,0.2380799792099275,0.24765471554060994,-0.009574736330682454,-0.0525385808766447
2024,count_family=three_ball & batter_history=500_plus,count_family=three_ball,batter_history=500_plus,19184,0.07567443897012706,0.4630421184320267,0.4674416447356449,0.24614662184120523,0.24765471554060994,-0.0015080936994047167,-0.004399526303618229
2024,count_family=two_strike & batter_history=101_500,count_family=two_strike,batter_history=101_500,4229,0.01668198511283712,0.4885315677465122,0.47957864627810803,0.247850563767559,0.24765471554060994,0.00019584822694906912,0.008952921468404151
2024,count_family=two_strike & batter_history=1_20,count_family=two_strike,batter_history=1_20,375,0.0014792490937133886,0.48533333333333334,0.4771380150672176,0.24924263022974988,0.24765471554060994,0.0015879146891399354,0.008195318266115748
2024,count_family=two_strike & batter_history=21_100,count_family=two_strike,batter_history=21_100,1170,0.0046152571723857725,0.4641025641025641,0.4744662400858331,0.24813470105875676,0.24765471554060994,0.00047998551814681933,-0.010363675983268983
2024,count_family=two_strike & batter_history=500_plus,count_family=two_strike,batter_history=500_plus,55420,0.21861329272958932,0.49503789245759655,0.49148937625820793,0.24869466618247896,0.24765471554060994,0.001039950641869014,0.0035485161993886183
2024,hand_matchup=opposite & count_family=batter_ahead,hand_matchup=opposite,count_family=batter_ahead,25820,0.10185123093247918,0.4953524399690163,0.5012274511641287,0.24810123316657812,0.24765471554060994,0.00044651762596817357,-0.005875011195112412
2024,hand_matchup=opposite & count_family=even,hand_matchup=opposite,count_family=even,46350,0.18283518798297482,0.5035814455231931,0.5051345922347613,0.2479129458595567,0.24765471554060994,0.0002582303189467561,-0.001553146711568254
2024,hand_matchup=opposite & count_family=pitcher_ahead,hand_matchup=opposite,count_family=pitcher_ahead,15855,0.06254265168220206,0.5163040050457269,0.507050979590326,0.24791513401703924,0.24765471554060994,0.00026041847642929716,0.009253025455400965
2024,hand_matchup=opposite & count_family=three_ball,hand_matchup=opposite,count_family=three_ball,11224,0.0442749115409042,0.4832501781895937,0.48519419158462934,0.2474687028948015,0.24765471554060994,-0.00018601264580844767,-0.0019440133950356375
2024,hand_matchup=opposite & count_family=two_strike,hand_matchup=opposite,count_family=two_strike,31356,0.1236888922199387,0.5001913509376196,0.5012582959936812,0.2486525453564627,0.24765471554060994,0.000997829815852752,-0.0010669450560616411
2024,hand_matchup=same & count_family=batter_ahead,hand_matchup=same,count_family=batter_ahead,23456,0.09252604464570999,0.4569406548431105,0.47434435558256105,0.24623939807222786,0.24765471554060994,-0.0014153174683820824,-0.017403700739450523
2024,hand_matchup=same & count_family=even,hand_matchup=same,count_family=even,44280,0.17466973298567692,0.46815718157181574,0.480738800426782,0.24727945516103048,0.24765471554060994,-0.00037526037957946734,-0.012581618854966281
2024,hand_matchup=same & count_family=pitcher_ahead,hand_matchup=same,count_family=pitcher_ahead,15547,0.06132769509323214,0.4854955940052743,0.4842039084485436,0.24756090854352183,0.24765471554060994,-9.380699708810836e-05,0.001291685556730704
2024,hand_matchup=same & count_family=three_ball,hand_matchup=same,count_family=three_ball,9781,0.038582761028295075,0.43635620079746446,0.44627774955881594,0.244190252433377,0.24765471554060994,-0.0034644631072329457,-0.009921548761351484
2024,hand_matchup=same & count_family=two_strike,hand_matchup=same,count_family=two_strike,29838,0.1177008918885869,0.48736510489979223,0.47868746077863,0.24860422308410907,0.24765471554060994,0.0009495075434991229,0.008677644121162231
2024,inning_phase=early & game_type=F,inning_phase=early,game_type=F,10135,0.039979172172760515,0.4574247656635422,0.4648338451490701,0.24702112169727633,0.24765471554060994,-0.000633593843333613,-0.007409079485527936
2024,inning_phase=early & game_type=R,inning_phase=early,game_type=R,75125,0.29634290177391553,0.4996206322795341,0.5008185093073422,0.24768728308620128,0.24765471554060994,3.2567545591333236e-05,-0.0011978770278080475
2024,inning_phase=extras & game_type=F,inning_phase=extras,game_type=F,397,0.0015660317072112408,0.5113350125944585,0.4609952194214598,0.2548215884183848,0.24765471554060994,0.007166872877774871,0.05033979317299864
2024,inning_phase=extras & game_type=R,inning_phase=extras,game_type=R,3451,0.013613036326413077,0.48333816285134745,0.4847730386393051,0.24716973249783486,0.24765471554060994,-0.0004849830427750834,-0.0014348757879576457
2024,inning_phase=late & game_type=F,inning_phase=late,game_type=F,8892,0.03507595451013187,0.45602789023841656,0.46522879573098536,0.24650785321362345,0.24765471554060994,-0.001146862326986492,-0.0092009054925688
2024,inning_phase=late & game_type=R,inning_phase=late,game_type=R,70456,0.27792526439112136,0.48071136595889635,0.48295554402459695,0.2478585486370626,0.24765471554060994,0.00020383309645266579,-0.002244178065700597
2024,inning_phase=middle & game_type=F,inning_phase=middle,game_type=F,10586,0.04175821574946648,0.46183638768184393,0.4664900711428656,0.24679724713340995,0.24765471554060994,-0.0008574684071999961,-0.004653683461021685
2024,inning_phase=middle & game_type=R,inning_phase=middle,game_type=R,74465,0.29373942336897996,0.48851138118579196,0.49490873814539843,0.24775834893098503,0.24765471554060994,0.00010363339037508523,-0.0063973569596064706
