season,slice,axis,rows,share,target_mean,prediction_mean,brier,global_brier,excess,calibration_error
2022,game_type=F,game_type,30448,0.12303614146246848,0.7087493431424067,0.7031696324242259,0.20641711337104868,0.24313201729617934,-0.03671490392513066,0.005579710718180753
2022,game_type=R,game_type,217024,0.8769638585375316,0.5036908360365674,0.5000872504154128,0.24828303927859774,0.24313201729617934,0.005151021982418402,0.0036035856211545925
2022,pitcher_history=0,pitcher_history,88,0.00035559578457360834,0.5454545454545454,0.6006841606922537,0.24624174814469993,0.24313201729617934,0.003109730848520592,-0.05522961523770831
2022,pitcher_history=101_500,pitcher_history,24658,0.09963955518200039,0.5625354854408305,0.5573103913012403,0.23514300300473706,0.24313201729617934,-0.007989014291442276,0.0052250941395902695
2022,pitcher_history=1_20,pitcher_history,1710,0.006909872632055344,0.5783625730994152,0.5887068676723972,0.23690312081903664,0.24313201729617934,-0.006228896477142698,-0.010344294572982027
2022,pitcher_history=21_100,pitcher_history,5871,0.023723896036723348,0.5579969340827797,0.569586093564182,0.2359297917179904,0.24313201729617934,-0.007202225578188948,-0.011589159481402267
2022,pitcher_history=500_plus,pitcher_history,215145,0.8693710803646473,0.523874596202561,0.5196276737471258,0.2442924213837908,0.24313201729617934,0.0011604040876114496,0.004246922455435231
2022,batter_history=0,batter_history,88,0.00035559578457360834,0.6590909090909091,0.6441217439012212,0.21162193858701148,0.24313201729617934,-0.03151007870916786,0.014969165189687827
2022,batter_history=101_500,batter_history,22582,0.0912507273550139,0.581790806837304,0.5724160095231909,0.23284371090953573,0.24313201729617934,-0.010288306386643603,0.00937479731411306
2022,batter_history=1_20,batter_history,1676,0.006772483351651904,0.6437947494033412,0.6212952840836177,0.21044248719663905,0.24313201729617934,-0.03268953009954029,0.022499465319723577
2022,batter_history=21_100,batter_history,5888,0.023792590676925067,0.6207540760869565,0.6102239238830379,0.22525081306890576,0.24313201729617934,-0.017881204227273573,0.010530152203918619
2022,batter_history=500_plus,batter_history,217238,0.8778286028318355,0.519996501532881,0.5170539868795696,0.24495110790043184,0.24313201729617934,0.0018190906042525046,0.002942514653311412
2022,matchup_novelty=established,matchup_novelty,104718,0.42315090192021726,0.5143146354972402,0.5086691509860101,0.2464428521746408,0.24313201729617934,0.003310834878461455,0.005645484511230148
2022,matchup_novelty=low_1_5,matchup_novelty,16899,0.0682865132216978,0.5270726078466181,0.5234950488413707,0.24177427127565418,0.24313201729617934,-0.001357746020525158,0.003577559005247477
2022,matchup_novelty=unseen,matchup_novelty,125855,0.5085625848580849,0.5413213618847086,0.5389351668100916,0.24055953740422525,0.24313201729617934,-0.0025724798919540826,0.0023861950746170146
2022,count_family=batter_ahead,count_family,47207,0.19075693411779918,0.5275488804626433,0.5266643156757773,0.24186880375914074,0.24313201729617934,-0.0012632135370385933,0.0008845647868659379
2022,count_family=even,count_family,89309,0.36088527186914077,0.532891421917164,0.52848099000555,0.24291992726468498,0.24313201729617934,-0.0002120900314943608,0.0044104319116139434
2022,count_family=pitcher_ahead,count_family,31161,0.12591727548975237,0.5402265652578544,0.5285334422446805,0.24324996931560833,0.24313201729617934,0.0001179520194289907,0.011693123013173934
2022,count_family=three_ball,count_family,20220,0.08170621322816318,0.5045004945598417,0.5085584497102402,0.24232956279692094,0.24313201729617934,-0.0008024544992583926,-0.004057955150398529
2022,count_family=two_strike,count_family,59575,0.2407343052951445,0.5264288711707931,0.5225012315361774,0.2446615883773926,0.24313201729617934,0.0015295710812132657,0.003927639634615621
2022,hand_matchup=opposite,hand_matchup,125612,0.5075806555893192,0.5355141228545044,0.5313794291501058,0.24288622382773198,0.24313201729617934,-0.0002457934684473584,0.004134693704398562
2022,hand_matchup=same,hand_matchup,121860,0.4924193444106808,0.5221237485639258,0.5185738679452183,0.2433853786055393,0.24313201729617934,0.0002533613093599618,0.003549880618707535
2022,inning_phase=early,inning_phase,83348,0.33679769832546713,0.534217977635936,0.531610632477429,0.24353201657836743,0.24313201729617934,0.00039999928218809044,0.002607345158507024
2022,inning_phase=extras,inning_phase,3906,0.015783603801642208,0.4792626728110599,0.4962109956353297,0.24915550760302987,0.24313201729617934,0.0060234903068505374,-0.016948322824269835
2022,inning_phase=late,inning_phase,77667,0.3138415659145277,0.5225642808399964,0.5177791849250977,0.24262415690965777,0.24313201729617934,-0.0005078603865215636,0.004785095914898729
2022,inning_phase=middle,inning_phase,82551,0.33357713195836297,0.5319014911993798,0.5267023452405118,0.2429209610924942,0.24313201729617934,-0.00021105620368513933,0.005199145958867946
2022,base_state_coarse=RISP,base_state_coarse,66322,0.2679979957328506,0.5328548596242574,0.528081372181576,0.24283095476747993,0.24313201729617934,-0.0003010625286994084,0.004773487442681357
2022,base_state_coarse=empty,base_state_coarse,131972,0.533280532747139,0.5251947382778165,0.5234749219198602,0.24339799662382894,0.24313201729617934,0.0002659793276496014,0.0017198163579562609
2022,base_state_coarse=runner_non_RISP,base_state_coarse,49178,0.19872147152001035,0.5336125909959738,0.5253080491433798,0.24282426271485882,0.24313201729617934,-0.0003077545813205129,0.008304541852593994
2022,two_outs=no,two_outs,166911,0.6744641818064265,0.5271671729244927,0.5247429090675321,0.24317611237165443,0.24313201729617934,4.4095075475092393e-05,0.0024242638569605957
2022,two_outs=yes,two_outs,80561,0.3255358181935734,0.5325529722818734,0.5257591229855211,0.2430406585352077,0.24313201729617934,-9.135876097163265e-05,0.0067938492963522945
2022,pitcher_state_available=no,pitcher_state_available,38950,0.15739154328570504,0.5438767650834403,0.543878904053769,0.24236750765422785,0.24313201729617934,-0.0007645096419514885,-2.138970328746659e-06
2022,pitcher_state_available=yes,pitcher_state_available,208522,0.842608456714295,0.526126739624596,0.5215610875078557,0.24327482069607956,0.24313201729617934,0.00014280339990022095,0.004565652116740315
2022,batter_state_available=no,batter_state_available,27278,0.11022661149544191,0.5533030280812377,0.5412107271910976,0.23872535213378313,0.24313201729617934,-0.004406665162396212,0.012092300890140018
2022,batter_state_available=yes,batter_state_available,220194,0.8897733885045581,0.5258998882803346,0.5230746441133213,0.2436779223267426,0.24313201729617934,0.0005459050305632596,0.002825244167013352
2023,game_type=F,game_type,25686,0.10461663781692292,0.47290352721326795,0.6688032494553484,0.28646178324087057,0.2523470643919594,0.03411471884891115,-0.19589972224208047
2023,game_type=R,game_type,219839,0.8953833621830771,0.5031181910398064,0.49212369190665567,0.24836109889742417,0.2523470643919594,-0.003985965494535254,0.010994499133150704
2023,pitcher_history=0,pitcher_history,63,0.0002565930149679259,0.42857142857142855,0.5946759104113765,0.27337499680414673,0.2523470643919594,0.02102793241218731,-0.16610448183994792
2023,pitcher_history=101_500,pitcher_history,19911,0.08109561144486305,0.477324092210336,0.5295038206234759,0.25905304916647054,0.2523470643919594,0.00670598477451112,-0.05217972841313989
2023,pitcher_history=1_20,pitcher_history,1259,0.005127787394359026,0.482922954725973,0.5858817340792951,0.2696406130756418,0.2523470643919594,0.01729354868368238,-0.1029587793533221
2023,pitcher_history=21_100,pitcher_history,4694,0.019118216067610223,0.4588836812952706,0.5459765304629746,0.2609369651457057,0.2523470643919594,0.008589900753746271,-0.08709284916770399
2023,pitcher_history=500_plus,pitcher_history,219598,0.8944017920781998,0.5030054918532956,0.5076822488300823,0.25145023839847086,0.2523470643919594,-0.0008968259934885592,-0.004676756976786711
2023,batter_history=0,batter_history,71,0.00028917625496385297,0.5070422535211268,0.6339658402843218,0.27027942371419866,0.2523470643919594,0.017932359322239244,-0.12692358676319504
2023,batter_history=101_500,batter_history,18119,0.07379696568577537,0.48308405541144656,0.5594247443795414,0.2634544868858186,0.2523470643919594,0.011107422493859154,-0.07634068896809482
2023,batter_history=1_20,batter_history,1276,0.005197026779350372,0.46551724137931033,0.6253476976205857,0.2747742575434906,0.2523470643919594,0.02242719315153119,-0.1598304562412754
2023,batter_history=21_100,batter_history,4767,0.019415538132573056,0.4808055380742605,0.6046007585511135,0.27212174341437617,0.2523470643919594,0.019774679022416752,-0.12379522047685299
2023,batter_history=500_plus,batter_history,221292,0.9013012931473373,0.5019476528749345,0.5038842641140541,0.25087655674125664,0.2523470643919594,-0.0014705076507027792,-0.00193661123911959
2023,matchup_novelty=established,matchup_novelty,115492,0.4703879442012015,0.5053769958092336,0.5037125016438279,0.24995138623723123,0.2523470643919594,-0.002395678154728187,0.0016644941654057055
2023,matchup_novelty=low_1_5,matchup_novelty,17342,0.07063231850117097,0.49348402721716067,0.5103510141945063,0.25436025863149403,0.2523470643919594,0.0020131942395346103,-0.016866986977345677
2023,matchup_novelty=unseen,matchup_novelty,112691,0.45897973729762753,0.49539892271787456,0.5177129410739747,0.25449247837305694,0.2523470643919594,0.0021454139810975215,-0.02231401835610014
2023,count_family=batter_ahead,count_family,47844,0.194864066795642,0.4958615500376223,0.5097895301306504,0.2518814512699795,0.2523470643919594,-0.000465613121979902,-0.013927980093028147
2023,count_family=even,count_family,88431,0.3601710620099786,0.5034885956282299,0.514389280735734,0.2525568309608381,0.2523470643919594,0.00020976656887866652,-0.010900685107504082
2023,count_family=pitcher_ahead,count_family,30327,0.12351898991956013,0.5120519668941867,0.5165120468491228,0.2522118128488636,0.2523470643919594,-0.00013525154309579346,-0.004460079954936025
2023,count_family=three_ball,count_family,20561,0.08374299969453212,0.47283692427411117,0.4889705705346635,0.25154309075825676,0.2523470643919594,-0.0008039736337026593,-0.016133646260552303
2023,count_family=two_strike,count_family,58362,0.23770288158028713,0.5012336794489565,0.5101015568470632,0.25276444560208794,0.2523470643919594,0.00041738121012852014,-0.008867877398106683
2023,hand_matchup=opposite,hand_matchup,124185,0.5057937073617758,0.5131618150340218,0.5165615355460622,0.2520064893360727,0.2523470643919594,-0.0003405750558866938,-0.003399720512040405
2023,hand_matchup=same,hand_matchup,121340,0.4942062926382242,0.4864430525795286,0.5045134850732622,0.25269562474563734,0.2523470643919594,0.00034856035367791804,-0.018070432493733635
2023,inning_phase=early,inning_phase,82222,0.3348823948681397,0.5058986645909854,0.5160402165626343,0.2522497443613978,0.2523470643919594,-9.732003056162064e-05,-0.010141551971648899
2023,inning_phase=extras,inning_phase,4399,0.01791670909276041,0.5121618549670379,0.4949480835203227,0.25111284112165894,0.2523470643919594,-0.001234223270300483,0.01721377144671521
2023,inning_phase=late,inning_phase,76378,0.31108033805111496,0.49464505485872895,0.5029888389190951,0.25235513339949656,0.2523470643919594,8.069007537137018e-06,-0.008343784060366122
2023,inning_phase=middle,inning_phase,82526,0.3361205579879849,0.49830356493711075,0.5130800441799668,0.25250234758830015,0.2523470643919594,0.00015528319634072751,-0.014776479242856022
2023,base_state_coarse=RISP,base_state_coarse,67979,0.276872008960391,0.4983156563056238,0.5109417499434111,0.25256795297672413,0.2523470643919594,0.0002208885847647113,-0.012626093637787328
2023,base_state_coarse=empty,base_state_coarse,128570,0.5236533957845433,0.4993155479505328,0.5097058903008219,0.2521323882820953,0.2523470643919594,-0.00021467610986414254,-0.010390342350289128
2023,base_state_coarse=runner_non_RISP,base_state_coarse,48976,0.19947459525506567,0.5039202874877491,0.5125094951649292,0.2526040294838719,0.2523470643919594,0.0002569650919124755,-0.008589207677180077
2023,two_outs=no,two_outs,165986,0.6760452092454944,0.4981203234007687,0.5102364204657825,0.25230591369366173,0.2523470643919594,-4.115069829768725e-05,-0.01211609706501382
2023,two_outs=yes,two_outs,79539,0.3239547907545057,0.5037905932938559,0.5113813108430328,0.2524329397462841,0.2523470643919594,8.587535432469373e-05,-0.007590717549176951
2023,pitcher_state_available=no,pitcher_state_available,33878,0.13798187557275227,0.49864218666981525,0.5104546198905318,0.2528681012791022,0.2523470643919594,0.0005210368871427784,-0.011812433220716512
2023,pitcher_state_available=yes,pitcher_state_available,211647,0.8620181244272478,0.5001677321199922,0.5106317545626725,0.2522636628428582,0.2523470643919594,-8.340154910119191e-05,-0.010464022442680299
2023,batter_state_available=no,batter_state_available,23091,0.09404744934324406,0.4936122298731107,0.5319510561852074,0.25802525941816357,0.2523470643919594,0.005678195026204147,-0.03833882631209673
2023,batter_state_available=yes,batter_state_available,222434,0.905952550656756,0.5006159130348777,0.5083916070933615,0.2517576077380751,0.2523470643919594,-0.0005894566538843238,-0.007775694058483773
2024,game_type=F,game_type,30010,0.11837937413957011,0.45928023992002664,0.465484320808212,0.24689325984451227,0.24765471554060994,-0.0007614556960976737,-0.006204080888185359
2024,game_type=R,game_type,223497,0.8816206258604299,0.4897067969592433,0.4929705421721654,0.24775695980089035,0.24765471554060994,0.00010224426028040967,-0.003263745212922109
2024,pitcher_history=0,pitcher_history,81,0.00031951780424209193,0.4074074074074074,0.48246996109827583,0.24383886225108126,0.24765471554060994,-0.0038158532895286867,-0.07506255369086845
2024,pitcher_history=101_500,pitcher_history,24101,0.09507035308689701,0.46877722916061576,0.47588419355781714,0.2471420868102235,0.24765471554060994,-0.000512628730386433,-0.007106964397201376
2024,pitcher_history=1_20,pitcher_history,1609,0.006346964778092912,0.4487259167184587,0.4677938197204407,0.24544530116641558,0.24765471554060994,-0.002209414374194363,-0.019067903001982023
2024,pitcher_history=21_100,pitcher_history,6299,0.024847440110135025,0.4613430703286236,0.4645623634013584,0.24746468308128317,0.24765471554060994,-0.0001900324593267777,-0.00321929307273483
2024,pitcher_history=500_plus,pitcher_history,221417,0.873415724220633,0.48899587655871046,0.4920999658225232,0.24773337215386396,0.24765471554060994,7.865661325401341e-05,-0.003104089263812726
2024,batter_history=0,batter_history,88,0.0003471304539914085,0.5,0.49710102341393125,0.257384412428742,0.24765471554060994,0.00972969688813205,0.0028989765860687466
2024,batter_history=101_500,batter_history,17301,0.0682466361875609,0.47517484538465987,0.47934902940909374,0.24767134895301632,0.24765471554060994,1.6633412406374948e-05,-0.004174184024433869
2024,batter_history=1_20,batter_history,1694,0.006682261239334614,0.461038961038961,0.47840792052857395,0.24616143108815433,0.24765471554060994,-0.0014932844524556121,-0.017368959489612923
2024,batter_history=21_100,batter_history,4986,0.019668095950013214,0.4508624147613317,0.47469860796505703,0.24540114740337415,0.24765471554060994,-0.0022535681372357896,-0.02383619320372532
2024,batter_history=500_plus,batter_history,229438,0.9050558761690999,0.48787471996792164,0.49090555621453513,0.24770972790386497,0.24765471554060994,5.501236325503034e-05,-0.0030308362466134886
2024,matchup_novelty=established,matchup_novelty,111808,0.44104502045308414,0.49328312821980536,0.4957786920092998,0.2477662310882299,0.24765471554060994,0.00011151554761995586,-0.0024955637894944482
2024,matchup_novelty=low_1_5,matchup_novelty,17883,0.07054243078100407,0.4746966392663423,0.47754344787973774,0.2480774535786598,0.24765471554060994,0.0004227380380498469,-0.002846808613395424
2024,matchup_novelty=unseen,matchup_novelty,123816,0.4884125487659118,0.4812705950765652,0.48600090664128803,0.24749295813702119,0.24765471554060994,-0.00016175740358875812,-0.004730311564722811
2024,count_family=batter_ahead,count_family,49276,0.19437727557818915,0.4770679438266093,0.4884307572368366,0.24721497608456905,0.24765471554060994,-0.00043973945604089404,-0.011362813410227324
2024,count_family=even,count_family,90630,0.3575049209686518,0.4862738607525102,0.4932152977267911,0.24760343501181595,0.24765471554060994,-5.128052879399547e-05,-0.006941436974280901
2024,count_family=pitcher_ahead,count_family,31402,0.12387034677543421,0.5010508884784408,0.49573948939730356,0.247739758453802,0.24765471554060994,8.504291319205715e-05,0.005311399081137258
2024,count_family=three_ball,count_family,21005,0.08285767256919928,0.4614139490597477,0.46707271005858886,0.24594208904270945,0.24765471554060994,-0.0017126264979004935,-0.005658760998841161
2024,count_family=two_strike,count_family,61194,0.2413897841085256,0.49393731411576297,0.49025282844544615,0.2486289835699724,0.24765471554060994,0.0009742680293624573,0.003684485670316817
2024,hand_matchup=opposite,hand_matchup,130605,0.515192874358499,0.5009379426515065,0.5019505314196805,0.24808982247448527,0.24765471554060994,0.00043510693387532884,-0.0010125887681740053
2024,hand_matchup=same,hand_matchup,122902,0.484807125641501,0.4703422238856976,0.4767161850518259,0.24719233786491068,0.24765471554060994,-0.00046237767569926036,-0.006373961166128317
2024,inning_phase=early,inning_phase,85260,0.336322073946676,0.49460473844710295,0.4965409515869097,0.2476080953583482,0.24765471554060994,-4.66201822617307e-05,-0.0019362131398067417
2024,inning_phase=extras,inning_phase,3848,0.015179068033624317,0.4862266112266112,0.48231986966074886,0.24795917813204962,0.24765471554060994,0.00030446259143968035,0.003906741565862348
2024,inning_phase=late,inning_phase,79348,0.3130012189012532,0.47794525381862174,0.4809690258284635,0.24770718522897145,0.24765471554060994,5.246968836150612e-05,-0.003023772009841774
2024,inning_phase=middle,inning_phase,85051,0.33549763911844643,0.4851912381982575,0.49137156622632855,0.2476387239573912,0.24765471554060994,-1.5991583218744054e-05,-0.006180328028071058
2024,base_state_coarse=RISP,base_state_coarse,71076,0.28037095622606084,0.48692948393269175,0.4881287277326662,0.24744984664273617,0.24765471554060994,-0.00020486889787377227,-0.0011992437999744365
2024,base_state_coarse=empty,base_state_coarse,131633,0.5192479892073986,0.48431624288742187,0.4899373204880353,0.24782462975052025,0.24765471554060994,0.0001699142099103046,-0.005621077600613422
2024,base_state_coarse=runner_non_RISP,base_state_coarse,50798,0.20038105456654057,0.48958620418126697,0.4913670808137788,0.24750106666845245,0.24765471554060994,-0.00015364887215749135,-0.0017808766325118075
2024,two_outs=no,two_outs,170820,0.6738275471683227,0.4842524294579089,0.48923457354341565,0.24762923213632726,0.24765471554060994,-2.5483404282683475e-05,-0.0049821440855067345
2024,two_outs=yes,two_outs,82687,0.32617245283167723,0.4899319119087644,0.4907128312627209,0.24770736075835345,0.24765471554060994,5.264521774350772e-05,-0.0007809193539565218
2024,pitcher_state_available=no,pitcher_state_available,50348,0.1986059556540845,0.48993008659728293,0.49554424879611664,0.24747966952022385,0.24765471554060994,-0.00017504602038609374,-0.005614162198833705
2024,pitcher_state_available=yes,pitcher_state_available,203159,0.8013940443459155,0.4851569460373402,0.488272534777785,0.24769809642471738,0.24765471554060994,4.338088410743568e-05,-0.0031155887404447635
2024,batter_state_available=no,batter_state_available,23588,0.09304674032669709,0.4735882652196032,0.4839641034940452,0.24683019811069967,0.24765471554060994,-0.0008245174299102709,-0.010375838274441995
2024,batter_state_available=yes,batter_state_available,229919,0.9069532596733029,0.4873890370086857,0.4903069187761313,0.24773930497052532,0.24765471554060994,8.45894299153771e-05,-0.002917881767445618
